--
-- PostgreSQL database dump
--

-- Dumped from database version 16.1
-- Dumped by pg_dump version 16.1

SET statement_timeout = 0;
SET lock_timeout = 0;
SET idle_in_transaction_session_timeout = 0;
SET client_encoding = 'UTF8';
SET standard_conforming_strings = on;
SELECT pg_catalog.set_config('search_path', '', false);
SET check_function_bodies = false;
SET xmloption = content;
SET client_min_messages = warning;
SET row_security = off;

--
-- Name: schema_name; Type: SCHEMA; Schema: -; Owner: postgres
--

CREATE SCHEMA schema_name;


ALTER SCHEMA schema_name OWNER TO postgres;

SET default_tablespace = '';

SET default_table_access_method = heap;

--
-- Name: app_archiveloan; Type: TABLE; Schema: public; Owner: postgres
--

CREATE TABLE public.app_archiveloan (
    id bigint NOT NULL,
    borrowed_date date NOT NULL,
    expected_return_date date NOT NULL,
    actual_return_date date,
    copy_id bigint NOT NULL,
    user_id integer NOT NULL
);


ALTER TABLE public.app_archiveloan OWNER TO postgres;

--
-- Name: app_archiveloan_id_seq; Type: SEQUENCE; Schema: public; Owner: postgres
--

ALTER TABLE public.app_archiveloan ALTER COLUMN id ADD GENERATED BY DEFAULT AS IDENTITY (
    SEQUENCE NAME public.app_archiveloan_id_seq
    START WITH 1
    INCREMENT BY 1
    NO MINVALUE
    NO MAXVALUE
    CACHE 1
);


--
-- Name: app_author; Type: TABLE; Schema: public; Owner: postgres
--

CREATE TABLE public.app_author (
    id bigint NOT NULL,
    name character varying(255) NOT NULL
);


ALTER TABLE public.app_author OWNER TO postgres;

--
-- Name: app_author_id_seq; Type: SEQUENCE; Schema: public; Owner: postgres
--

ALTER TABLE public.app_author ALTER COLUMN id ADD GENERATED BY DEFAULT AS IDENTITY (
    SEQUENCE NAME public.app_author_id_seq
    START WITH 1
    INCREMENT BY 1
    NO MINVALUE
    NO MAXVALUE
    CACHE 1
);


--
-- Name: app_book; Type: TABLE; Schema: public; Owner: postgres
--

CREATE TABLE public.app_book (
    id bigint NOT NULL,
    title character varying(255) NOT NULL,
    "publicationYear" integer NOT NULL,
    genre character varying(100) NOT NULL,
    stock integer NOT NULL,
    image character varying(100) NOT NULL,
    isbn_id bigint
);


ALTER TABLE public.app_book OWNER TO postgres;

--
-- Name: app_book_authors; Type: TABLE; Schema: public; Owner: postgres
--

CREATE TABLE public.app_book_authors (
    id bigint NOT NULL,
    book_id bigint NOT NULL,
    author_id bigint NOT NULL
);


ALTER TABLE public.app_book_authors OWNER TO postgres;

--
-- Name: app_book_authors_id_seq; Type: SEQUENCE; Schema: public; Owner: postgres
--

ALTER TABLE public.app_book_authors ALTER COLUMN id ADD GENERATED BY DEFAULT AS IDENTITY (
    SEQUENCE NAME public.app_book_authors_id_seq
    START WITH 1
    INCREMENT BY 1
    NO MINVALUE
    NO MAXVALUE
    CACHE 1
);


--
-- Name: app_book_id_seq; Type: SEQUENCE; Schema: public; Owner: postgres
--

ALTER TABLE public.app_book ALTER COLUMN id ADD GENERATED BY DEFAULT AS IDENTITY (
    SEQUENCE NAME public.app_book_id_seq
    START WITH 1
    INCREMENT BY 1
    NO MINVALUE
    NO MAXVALUE
    CACHE 1
);


--
-- Name: app_bookcopy; Type: TABLE; Schema: public; Owner: postgres
--

CREATE TABLE public.app_bookcopy (
    id bigint NOT NULL,
    status character varying(50) NOT NULL,
    book_id bigint NOT NULL
);


ALTER TABLE public.app_bookcopy OWNER TO postgres;

--
-- Name: app_bookcopy_id_seq; Type: SEQUENCE; Schema: public; Owner: postgres
--

ALTER TABLE public.app_bookcopy ALTER COLUMN id ADD GENERATED BY DEFAULT AS IDENTITY (
    SEQUENCE NAME public.app_bookcopy_id_seq
    START WITH 1
    INCREMENT BY 1
    NO MINVALUE
    NO MAXVALUE
    CACHE 1
);


--
-- Name: app_borrowedbook; Type: TABLE; Schema: public; Owner: postgres
--

CREATE TABLE public.app_borrowedbook (
    id bigint NOT NULL,
    borrowed_date date NOT NULL,
    expected_return_date date NOT NULL,
    actual_return_date date,
    copy_id bigint NOT NULL,
    user_id integer NOT NULL
);


ALTER TABLE public.app_borrowedbook OWNER TO postgres;

--
-- Name: app_borrowedbook_id_seq; Type: SEQUENCE; Schema: public; Owner: postgres
--

ALTER TABLE public.app_borrowedbook ALTER COLUMN id ADD GENERATED BY DEFAULT AS IDENTITY (
    SEQUENCE NAME public.app_borrowedbook_id_seq
    START WITH 1
    INCREMENT BY 1
    NO MINVALUE
    NO MAXVALUE
    CACHE 1
);


--
-- Name: app_isbn; Type: TABLE; Schema: public; Owner: postgres
--

CREATE TABLE public.app_isbn (
    id bigint NOT NULL,
    isbn_number character varying(17) NOT NULL
);


ALTER TABLE public.app_isbn OWNER TO postgres;

--
-- Name: app_isbn_id_seq; Type: SEQUENCE; Schema: public; Owner: postgres
--

ALTER TABLE public.app_isbn ALTER COLUMN id ADD GENERATED BY DEFAULT AS IDENTITY (
    SEQUENCE NAME public.app_isbn_id_seq
    START WITH 1
    INCREMENT BY 1
    NO MINVALUE
    NO MAXVALUE
    CACHE 1
);


--
-- Name: app_reservedbook; Type: TABLE; Schema: public; Owner: postgres
--

CREATE TABLE public.app_reservedbook (
    id bigint NOT NULL,
    reservation date NOT NULL,
    reservation_end boolean NOT NULL,
    copy_id bigint NOT NULL,
    user_id integer NOT NULL
);


ALTER TABLE public.app_reservedbook OWNER TO postgres;

--
-- Name: app_reservedbook_id_seq; Type: SEQUENCE; Schema: public; Owner: postgres
--

ALTER TABLE public.app_reservedbook ALTER COLUMN id ADD GENERATED BY DEFAULT AS IDENTITY (
    SEQUENCE NAME public.app_reservedbook_id_seq
    START WITH 1
    INCREMENT BY 1
    NO MINVALUE
    NO MAXVALUE
    CACHE 1
);


--
-- Name: auth_group; Type: TABLE; Schema: public; Owner: postgres
--

CREATE TABLE public.auth_group (
    id integer NOT NULL,
    name character varying(150) NOT NULL
);


ALTER TABLE public.auth_group OWNER TO postgres;

--
-- Name: auth_group_id_seq; Type: SEQUENCE; Schema: public; Owner: postgres
--

ALTER TABLE public.auth_group ALTER COLUMN id ADD GENERATED BY DEFAULT AS IDENTITY (
    SEQUENCE NAME public.auth_group_id_seq
    START WITH 1
    INCREMENT BY 1
    NO MINVALUE
    NO MAXVALUE
    CACHE 1
);


--
-- Name: auth_group_permissions; Type: TABLE; Schema: public; Owner: postgres
--

CREATE TABLE public.auth_group_permissions (
    id bigint NOT NULL,
    group_id integer NOT NULL,
    permission_id integer NOT NULL
);


ALTER TABLE public.auth_group_permissions OWNER TO postgres;

--
-- Name: auth_group_permissions_id_seq; Type: SEQUENCE; Schema: public; Owner: postgres
--

ALTER TABLE public.auth_group_permissions ALTER COLUMN id ADD GENERATED BY DEFAULT AS IDENTITY (
    SEQUENCE NAME public.auth_group_permissions_id_seq
    START WITH 1
    INCREMENT BY 1
    NO MINVALUE
    NO MAXVALUE
    CACHE 1
);


--
-- Name: auth_permission; Type: TABLE; Schema: public; Owner: postgres
--

CREATE TABLE public.auth_permission (
    id integer NOT NULL,
    name character varying(255) NOT NULL,
    content_type_id integer NOT NULL,
    codename character varying(100) NOT NULL
);


ALTER TABLE public.auth_permission OWNER TO postgres;

--
-- Name: auth_permission_id_seq; Type: SEQUENCE; Schema: public; Owner: postgres
--

ALTER TABLE public.auth_permission ALTER COLUMN id ADD GENERATED BY DEFAULT AS IDENTITY (
    SEQUENCE NAME public.auth_permission_id_seq
    START WITH 1
    INCREMENT BY 1
    NO MINVALUE
    NO MAXVALUE
    CACHE 1
);


--
-- Name: auth_user; Type: TABLE; Schema: public; Owner: postgres
--

CREATE TABLE public.auth_user (
    id integer NOT NULL,
    password character varying(128) NOT NULL,
    last_login timestamp with time zone,
    is_superuser boolean NOT NULL,
    username character varying(150) NOT NULL,
    first_name character varying(150) NOT NULL,
    last_name character varying(150) NOT NULL,
    email character varying(254) NOT NULL,
    is_staff boolean NOT NULL,
    is_active boolean NOT NULL,
    date_joined timestamp with time zone NOT NULL
);


ALTER TABLE public.auth_user OWNER TO postgres;

--
-- Name: auth_user_groups; Type: TABLE; Schema: public; Owner: postgres
--

CREATE TABLE public.auth_user_groups (
    id bigint NOT NULL,
    user_id integer NOT NULL,
    group_id integer NOT NULL
);


ALTER TABLE public.auth_user_groups OWNER TO postgres;

--
-- Name: auth_user_groups_id_seq; Type: SEQUENCE; Schema: public; Owner: postgres
--

ALTER TABLE public.auth_user_groups ALTER COLUMN id ADD GENERATED BY DEFAULT AS IDENTITY (
    SEQUENCE NAME public.auth_user_groups_id_seq
    START WITH 1
    INCREMENT BY 1
    NO MINVALUE
    NO MAXVALUE
    CACHE 1
);


--
-- Name: auth_user_id_seq; Type: SEQUENCE; Schema: public; Owner: postgres
--

ALTER TABLE public.auth_user ALTER COLUMN id ADD GENERATED BY DEFAULT AS IDENTITY (
    SEQUENCE NAME public.auth_user_id_seq
    START WITH 1
    INCREMENT BY 1
    NO MINVALUE
    NO MAXVALUE
    CACHE 1
);


--
-- Name: auth_user_user_permissions; Type: TABLE; Schema: public; Owner: postgres
--

CREATE TABLE public.auth_user_user_permissions (
    id bigint NOT NULL,
    user_id integer NOT NULL,
    permission_id integer NOT NULL
);


ALTER TABLE public.auth_user_user_permissions OWNER TO postgres;

--
-- Name: auth_user_user_permissions_id_seq; Type: SEQUENCE; Schema: public; Owner: postgres
--

ALTER TABLE public.auth_user_user_permissions ALTER COLUMN id ADD GENERATED BY DEFAULT AS IDENTITY (
    SEQUENCE NAME public.auth_user_user_permissions_id_seq
    START WITH 1
    INCREMENT BY 1
    NO MINVALUE
    NO MAXVALUE
    CACHE 1
);


--
-- Name: books; Type: TABLE; Schema: public; Owner: postgres
--

CREATE TABLE public.books (
    id integer NOT NULL,
    title character varying(255),
    publicationyear integer,
    genre character varying(100),
    availability boolean DEFAULT true,
    stock integer,
    image character varying(255)
);


ALTER TABLE public.books OWNER TO postgres;

--
-- Name: books_id_seq; Type: SEQUENCE; Schema: public; Owner: postgres
--

CREATE SEQUENCE public.books_id_seq
    AS integer
    START WITH 1
    INCREMENT BY 1
    NO MINVALUE
    NO MAXVALUE
    CACHE 1;


ALTER SEQUENCE public.books_id_seq OWNER TO postgres;

--
-- Name: books_id_seq; Type: SEQUENCE OWNED BY; Schema: public; Owner: postgres
--

ALTER SEQUENCE public.books_id_seq OWNED BY public.books.id;


--
-- Name: django_admin_log; Type: TABLE; Schema: public; Owner: postgres
--

CREATE TABLE public.django_admin_log (
    id integer NOT NULL,
    action_time timestamp with time zone NOT NULL,
    object_id text,
    object_repr character varying(200) NOT NULL,
    action_flag smallint NOT NULL,
    change_message text NOT NULL,
    content_type_id integer,
    user_id integer NOT NULL,
    CONSTRAINT django_admin_log_action_flag_check CHECK ((action_flag >= 0))
);


ALTER TABLE public.django_admin_log OWNER TO postgres;

--
-- Name: django_admin_log_id_seq; Type: SEQUENCE; Schema: public; Owner: postgres
--

ALTER TABLE public.django_admin_log ALTER COLUMN id ADD GENERATED BY DEFAULT AS IDENTITY (
    SEQUENCE NAME public.django_admin_log_id_seq
    START WITH 1
    INCREMENT BY 1
    NO MINVALUE
    NO MAXVALUE
    CACHE 1
);


--
-- Name: django_content_type; Type: TABLE; Schema: public; Owner: postgres
--

CREATE TABLE public.django_content_type (
    id integer NOT NULL,
    app_label character varying(100) NOT NULL,
    model character varying(100) NOT NULL
);


ALTER TABLE public.django_content_type OWNER TO postgres;

--
-- Name: django_content_type_id_seq; Type: SEQUENCE; Schema: public; Owner: postgres
--

ALTER TABLE public.django_content_type ALTER COLUMN id ADD GENERATED BY DEFAULT AS IDENTITY (
    SEQUENCE NAME public.django_content_type_id_seq
    START WITH 1
    INCREMENT BY 1
    NO MINVALUE
    NO MAXVALUE
    CACHE 1
);


--
-- Name: django_migrations; Type: TABLE; Schema: public; Owner: postgres
--

CREATE TABLE public.django_migrations (
    id bigint NOT NULL,
    app character varying(255) NOT NULL,
    name character varying(255) NOT NULL,
    applied timestamp with time zone NOT NULL
);


ALTER TABLE public.django_migrations OWNER TO postgres;

--
-- Name: django_migrations_id_seq; Type: SEQUENCE; Schema: public; Owner: postgres
--

ALTER TABLE public.django_migrations ALTER COLUMN id ADD GENERATED BY DEFAULT AS IDENTITY (
    SEQUENCE NAME public.django_migrations_id_seq
    START WITH 1
    INCREMENT BY 1
    NO MINVALUE
    NO MAXVALUE
    CACHE 1
);


--
-- Name: django_session; Type: TABLE; Schema: public; Owner: postgres
--

CREATE TABLE public.django_session (
    session_key character varying(40) NOT NULL,
    session_data text NOT NULL,
    expire_date timestamp with time zone NOT NULL
);


ALTER TABLE public.django_session OWNER TO postgres;

--
-- Name: table_name; Type: TABLE; Schema: public; Owner: postgres
--

CREATE TABLE public.table_name (
);


ALTER TABLE public.table_name OWNER TO postgres;

--
-- Name: token_blacklist_blacklistedtoken; Type: TABLE; Schema: public; Owner: postgres
--

CREATE TABLE public.token_blacklist_blacklistedtoken (
    id bigint NOT NULL,
    blacklisted_at timestamp with time zone NOT NULL,
    token_id bigint NOT NULL
);


ALTER TABLE public.token_blacklist_blacklistedtoken OWNER TO postgres;

--
-- Name: token_blacklist_blacklistedtoken_id_seq; Type: SEQUENCE; Schema: public; Owner: postgres
--

ALTER TABLE public.token_blacklist_blacklistedtoken ALTER COLUMN id ADD GENERATED BY DEFAULT AS IDENTITY (
    SEQUENCE NAME public.token_blacklist_blacklistedtoken_id_seq
    START WITH 1
    INCREMENT BY 1
    NO MINVALUE
    NO MAXVALUE
    CACHE 1
);


--
-- Name: token_blacklist_outstandingtoken; Type: TABLE; Schema: public; Owner: postgres
--

CREATE TABLE public.token_blacklist_outstandingtoken (
    id bigint NOT NULL,
    token text NOT NULL,
    created_at timestamp with time zone,
    expires_at timestamp with time zone NOT NULL,
    user_id integer,
    jti character varying(255) NOT NULL
);


ALTER TABLE public.token_blacklist_outstandingtoken OWNER TO postgres;

--
-- Name: token_blacklist_outstandingtoken_id_seq; Type: SEQUENCE; Schema: public; Owner: postgres
--

ALTER TABLE public.token_blacklist_outstandingtoken ALTER COLUMN id ADD GENERATED BY DEFAULT AS IDENTITY (
    SEQUENCE NAME public.token_blacklist_outstandingtoken_id_seq
    START WITH 1
    INCREMENT BY 1
    NO MINVALUE
    NO MAXVALUE
    CACHE 1
);


--
-- Name: users; Type: TABLE; Schema: public; Owner: postgres
--

CREATE TABLE public.users (
    id integer NOT NULL,
    email character varying(255),
    password character varying(255)
);


ALTER TABLE public.users OWNER TO postgres;

--
-- Name: users_id_seq; Type: SEQUENCE; Schema: public; Owner: postgres
--

CREATE SEQUENCE public.users_id_seq
    AS integer
    START WITH 1
    INCREMENT BY 1
    NO MINVALUE
    NO MAXVALUE
    CACHE 1;


ALTER SEQUENCE public.users_id_seq OWNER TO postgres;

--
-- Name: users_id_seq; Type: SEQUENCE OWNED BY; Schema: public; Owner: postgres
--

ALTER SEQUENCE public.users_id_seq OWNED BY public.users.id;


--
-- Name: books id; Type: DEFAULT; Schema: public; Owner: postgres
--

ALTER TABLE ONLY public.books ALTER COLUMN id SET DEFAULT nextval('public.books_id_seq'::regclass);


--
-- Name: users id; Type: DEFAULT; Schema: public; Owner: postgres
--

ALTER TABLE ONLY public.users ALTER COLUMN id SET DEFAULT nextval('public.users_id_seq'::regclass);


--
-- Data for Name: app_archiveloan; Type: TABLE DATA; Schema: public; Owner: postgres
--

COPY public.app_archiveloan (id, borrowed_date, expected_return_date, actual_return_date, copy_id, user_id) FROM stdin;
\.


--
-- Data for Name: app_author; Type: TABLE DATA; Schema: public; Owner: postgres
--

COPY public.app_author (id, name) FROM stdin;
1	Adam Mickiewicz
2	Olga Tokatczuk
3	Bolesław Prus
13	Jędrzej Pasierski
14	John Smith
15	Juliusz Słowacki
16	Joan Rowling
19	Maria Konopnicka
20	Jan Brzechwa
31	Olga Tokarczuk
35	Agatha Christie
36	Aldous Huxley
37	Anna Gavalda
38	Anthony Doerr
39	Bartosz Orłowski
40	Carlos Luis Zafron
41	George Orwell
42	Herman Hesse
43	Trudy Canavan
\.


--
-- Data for Name: app_book; Type: TABLE DATA; Schema: public; Owner: postgres
--

COPY public.app_book (id, title, "publicationYear", genre, stock, image, isbn_id) FROM stdin;
17	Stara Powieść	1960	Powieść historyczna	14	images/cyberiada.jpg	4
59	Dziady	2010	Dramat	2	images/dziady.jpeg	18
60	Zabójstwo Rogera Ackroyda	1926	Kryminał	4	images/zab.jpg	19
61	Nowy wspaniały świat	1960	Dystopia	7	images/bnw_sE02gEp.jpg	20
62	Po prostu razem	2000	Powieść	12	images/razem.jpg	21
63	Światło, którego nie widać	2022	Powieść wojenna	7	images/light.jpg	22
64	Opowiadania nie tylko wrocławskie	2022	Legendy	3	images/wroclaw.jpg	23
65	Folwark zwierzęcy	2022	Dystopia	5	images/folwark_zfbCP7T.jpg	24
66	Opowiadania	1993	Zbiór opowiadań	4	images/Najpiekniejsze-opowiadania-Hesse-Hermann.jpg	25
\.


--
-- Data for Name: app_book_authors; Type: TABLE DATA; Schema: public; Owner: postgres
--

COPY public.app_book_authors (id, book_id, author_id) FROM stdin;
2	17	1
3	17	3
91	59	1
92	60	35
93	61	36
94	62	37
95	63	38
96	63	36
97	64	39
98	65	41
99	66	42
100	66	43
\.


--
-- Data for Name: app_bookcopy; Type: TABLE DATA; Schema: public; Owner: postgres
--

COPY public.app_bookcopy (id, status, book_id) FROM stdin;
\.


--
-- Data for Name: app_borrowedbook; Type: TABLE DATA; Schema: public; Owner: postgres
--

COPY public.app_borrowedbook (id, borrowed_date, expected_return_date, actual_return_date, copy_id, user_id) FROM stdin;
\.


--
-- Data for Name: app_isbn; Type: TABLE DATA; Schema: public; Owner: postgres
--

COPY public.app_isbn (id, isbn_number) FROM stdin;
2	978-1-234567-
3	978-1-234567
4	978-2-876543-21-0
5	12
6	2134
7	21342
8	2132
9	3123
10	978-2-876543-21-2
11	3213121
12	3123242
13	312324243
14	3123242433
15	31232422
16	978-1-133567-89-0
17	31232423
18	2013570813
19	9797981439783
20	9798888585160
21	9791179123904
22	9799501377445
23	9794688804814
24	9785774769537
25	9780405966156
\.


--
-- Data for Name: app_reservedbook; Type: TABLE DATA; Schema: public; Owner: postgres
--

COPY public.app_reservedbook (id, reservation, reservation_end, copy_id, user_id) FROM stdin;
\.


--
-- Data for Name: auth_group; Type: TABLE DATA; Schema: public; Owner: postgres
--

COPY public.auth_group (id, name) FROM stdin;
\.


--
-- Data for Name: auth_group_permissions; Type: TABLE DATA; Schema: public; Owner: postgres
--

COPY public.auth_group_permissions (id, group_id, permission_id) FROM stdin;
\.


--
-- Data for Name: auth_permission; Type: TABLE DATA; Schema: public; Owner: postgres
--

COPY public.auth_permission (id, name, content_type_id, codename) FROM stdin;
1	Can add log entry	1	add_logentry
2	Can change log entry	1	change_logentry
3	Can delete log entry	1	delete_logentry
4	Can view log entry	1	view_logentry
5	Can add permission	2	add_permission
6	Can change permission	2	change_permission
7	Can delete permission	2	delete_permission
8	Can view permission	2	view_permission
9	Can add group	3	add_group
10	Can change group	3	change_group
11	Can delete group	3	delete_group
12	Can view group	3	view_group
13	Can add user	4	add_user
14	Can change user	4	change_user
15	Can delete user	4	delete_user
16	Can view user	4	view_user
17	Can add content type	5	add_contenttype
18	Can change content type	5	change_contenttype
19	Can delete content type	5	delete_contenttype
20	Can view content type	5	view_contenttype
21	Can add session	6	add_session
22	Can change session	6	change_session
23	Can delete session	6	delete_session
24	Can view session	6	view_session
25	Can add book	7	add_book
26	Can change book	7	change_book
27	Can delete book	7	delete_book
28	Can view book	7	view_book
29	Can add blacklisted token	8	add_blacklistedtoken
30	Can change blacklisted token	8	change_blacklistedtoken
31	Can delete blacklisted token	8	delete_blacklistedtoken
32	Can view blacklisted token	8	view_blacklistedtoken
33	Can add outstanding token	9	add_outstandingtoken
34	Can change outstanding token	9	change_outstandingtoken
35	Can delete outstanding token	9	delete_outstandingtoken
36	Can view outstanding token	9	view_outstandingtoken
37	Can add book author	10	add_bookauthor
38	Can change book author	10	change_bookauthor
39	Can delete book author	10	delete_bookauthor
40	Can view book author	10	view_bookauthor
41	Can add author	11	add_author
42	Can change author	11	change_author
43	Can delete author	11	delete_author
44	Can view author	11	view_author
45	Can add archive loan	12	add_archiveloan
46	Can change archive loan	12	change_archiveloan
47	Can delete archive loan	12	delete_archiveloan
48	Can view archive loan	12	view_archiveloan
49	Can add book copy	13	add_bookcopy
50	Can change book copy	13	change_bookcopy
51	Can delete book copy	13	delete_bookcopy
52	Can view book copy	13	view_bookcopy
53	Can add borrowed book	14	add_borrowedbook
54	Can change borrowed book	14	change_borrowedbook
55	Can delete borrowed book	14	delete_borrowedbook
56	Can view borrowed book	14	view_borrowedbook
57	Can add reserved book	15	add_reservedbook
58	Can change reserved book	15	change_reservedbook
59	Can delete reserved book	15	delete_reservedbook
60	Can view reserved book	15	view_reservedbook
61	Can add isbn	16	add_isbn
62	Can change isbn	16	change_isbn
63	Can delete isbn	16	delete_isbn
64	Can view isbn	16	view_isbn
\.


--
-- Data for Name: auth_user; Type: TABLE DATA; Schema: public; Owner: postgres
--

COPY public.auth_user (id, password, last_login, is_superuser, username, first_name, last_name, email, is_staff, is_active, date_joined) FROM stdin;
14	pbkdf2_sha256$600000$uA6yD4yI7Kx4zqRNvc1WDI$R8ifl3Q9+VzO8PS7mU9AEhIFFCcMKSGAD1kRcEhdXOY=	\N	f	piotr@mail.com	Piotr	Zimirski	piotr@mail.com	t	t	2024-02-01 14:09:39+01
17	pbkdf2_sha256$600000$D5gs4qP4Ei89z05D5vsbMu$otVvRFvFViofQmGh+fER06eaIDozeLHO+pIkNkiF+9Y=	\N	f	jan@op.pl	Jan	Górowski	jan@op.pl	f	t	2024-02-01 18:59:36.755786+01
20	pbkdf2_sha256$600000$1Tj0Z7Hrp7c8a6wJfwooBn$ICaFlzKAKcpOCL3rdxh4MJgci25grN2Q6Ct/gFs6rD0=	\N	f	anowak@poczta.pl	Adam	Nowak	anowak@poczta.pl	f	t	2024-02-02 13:10:31.205754+01
21	pbkdf2_sha256$600000$DbQCk2Q0n5DyhM9aA6dH0B$yiH0qIOeFRFOo/tuNO/00sOD7dJFpnXBlOdq1AYU9Yk=	\N	f	tomasz@mail.com	Tomasz	Kowalski		t	t	2024-02-02 14:16:51+01
2	pbkdf2_sha256$600000$CZT69CVoqGL3MzcnO4kKJV$F3aDVaypu3LFqU8Ex2o1yhTHWRwBfIofGk4qa7YqA4w=	\N	f	uzytkownik			user@mail.com	f	t	2023-11-18 16:34:46+01
3	pbkdf2_sha256$600000$nKqvzbnuFN7BdwhEETqwEz$KXLzkN9fi4JKPhvcRl/Fc9ZqDLPQv4CkyOL/2azXH9k=	\N	f	uzytkownik2@mail.com				f	t	2023-11-18 16:56:27.218391+01
5	pbkdf2_sha256$600000$3o61jRDbhGgkSAJABj5kBE$AoAGBb79hEquYOEDofCJspf9KGPAcSScMUjY5x7o7fE=	\N	f	newuser			newuser@example.com	f	t	2023-12-15 20:04:57.845402+01
4	pbkdf2_sha256$600000$bGbszSC2F9R6YT8JgQWcUi$xSNVKqNU41nWqFltjJPFOqBdvAUAlPV8IMEm4ilxvxY=	2023-12-15 20:05:16.608304+01	t	pzimi				t	t	2023-12-15 17:48:17.837015+01
6	pbkdf2_sha256$600000$OPNEoaHz5JlzNNRHccD8lA$lsr690/zuJDrITKFI+ZyYcfCUiYNMPqhTV7fISWTctU=	\N	f	w@com.pl			w@com.pl	f	t	2023-12-15 20:06:21.607969+01
7	pbkdf2_sha256$600000$OtdWaC7GkwjCX05lQxqjVB$bZ3ONK2MWVOcT74LlRcJyLHr2YQFmdpXLinpwaCw9B4=	\N	f	janek@janek.pl			janek@janek.pl	f	t	2023-12-15 20:08:37.165322+01
10	pbkdf2_sha256$600000$ML0NZ5PmGnU0QTLxpOhzXJ$W0dSXboRvEvaPEiRgeQ//BVm7qdLno6Jv4kKfwJONkw=	\N	f	mail@gmail.com			mail@gmail.com	f	t	2023-12-20 19:21:32.275778+01
11	pbkdf2_sha256$600000$OjIVpkxunbZU3nE7moxGRy$Z6B1S749DXUSYelrcB1jxRz1VIf+4y7Rm84iXRb3rFs=	\N	f	aplik@gmail.com			aplik@gmail.com	f	t	2023-12-22 12:34:50.693971+01
13	pbkdf2_sha256$600000$jvEF0o5IV2ySWsDF0pdJ9X$RjUt74ssk858d02o/qb+nv3F01LxllpZjMBu4axGNGc=	\N	f	haus@haus.com	Andrzej	Haus	haus@haus.com	f	t	2024-01-19 17:48:33.955413+01
15	pbkdf2_sha256$600000$jJOJUQ18wf8Rt9He8LJSkY$QdKMAG7v09oKuRZXKsO09Yft8I57LB7lWOV91V/38tE=	\N	f	k@ok.pl	A	K	k@ok.pl	f	t	2024-02-01 16:41:00.12093+01
16	pbkdf2_sha256$600000$twJSVixjUmNsZirmjbWW3a$ocDyjt4guoK6U6KNSs8UisNHi/K1Ub5aDH63Ix8uiYw=	\N	f	l@l.com	L	LIK	l@l.com	f	t	2024-02-01 16:41:30.640429+01
18	pbkdf2_sha256$600000$mrbjL53jwbdglZf2ex1Q1f$mwyu2ZU3QU3sCiW/lcE25M5aUcOb8GRyWPtO3O6khiE=	\N	f	adamowski@adam.pl	Adam	Adamowski	adamowski@adam.pl	f	t	2024-02-01 21:31:19.027557+01
19	pbkdf2_sha256$600000$wFcz6E6iSza4dk6C0J8vyQ$aFP7o3IvUXH09MHjgzN3sJTsj6I8TCpmle1oFYf3D5U=	\N	f	adam@adam.com	Adam	Adamowski	adam@adam.com	f	t	2024-02-01 21:36:09.272916+01
1	pbkdf2_sha256$600000$AY9yQPyB3POJQs3SNjwXsc$SqrGPQ1qHWW5nU2LsUki4RYDXFCvNrBZlNLXWgCR3Fo=	2024-02-01 22:50:25.776125+01	t	zimmer			p.zimirski@gmail.com	t	t	2023-11-03 16:11:41.169504+01
\.


--
-- Data for Name: auth_user_groups; Type: TABLE DATA; Schema: public; Owner: postgres
--

COPY public.auth_user_groups (id, user_id, group_id) FROM stdin;
\.


--
-- Data for Name: auth_user_user_permissions; Type: TABLE DATA; Schema: public; Owner: postgres
--

COPY public.auth_user_user_permissions (id, user_id, permission_id) FROM stdin;
\.


--
-- Data for Name: books; Type: TABLE DATA; Schema: public; Owner: postgres
--

COPY public.books (id, title, publicationyear, genre, availability, stock, image) FROM stdin;
1	Dziady	2010	Dramat	t	1	\N
2	Nowy wspaniały świat	1926	Dystopia	t	4	\N
3	Zabójstwo Rogera Ackroyda	1932	Kryminał	t	5	\N
4	Trzej muszkieterowie	2015	Powieść płaszcza i szpady	t	7	\N
5	Proces	2014	Powieść surrealistyczna	t	9	\N
\.


--
-- Data for Name: django_admin_log; Type: TABLE DATA; Schema: public; Owner: postgres
--

COPY public.django_admin_log (id, action_time, object_id, object_repr, action_flag, change_message, content_type_id, user_id) FROM stdin;
1	2023-11-11 17:57:26.936943+01	1	Rok 1984	1	[{"added": {}}]	7	1
2	2023-11-11 18:38:27.637356+01	2	Faraon	1	[{"added": {}}]	7	1
3	2023-11-18 16:34:46.622119+01	2	uzytkownik	1	[{"added": {}}]	4	1
4	2023-11-18 16:50:41.866318+01	2	uzytkownik	2	[{"changed": {"fields": ["Email address"]}}]	4	1
5	2023-11-18 16:56:27.543342+01	3	uzytkownik2@mail.com	1	[{"added": {}}]	4	1
6	2023-12-22 18:36:20.019678+01	3	Dziady	1	[{"added": {}}]	7	4
7	2024-01-18 17:58:38.284054+01	1	423423423 - Dziady	1	[{"added": {}}]	16	1
8	2024-01-18 18:03:18.965168+01	1	423423423 - Dziady	3		16	1
9	2024-02-01 18:42:52.764558+01	14	piotr@mail.com	2	[{"changed": {"fields": ["Staff status"]}}]	4	1
10	2024-02-01 21:35:53.578895+01	8	adam@adam.com	3		4	1
11	2024-02-01 21:35:53.582363+01	9	adama@adam.com	3		4	1
12	2024-02-01 22:35:48.776675+01	1	Adam Mickiiewicz	1	[{"added": {}}]	11	1
13	2024-02-01 22:36:38.177546+01	2	978-1-234567- - No linked book	1	[{"added": {}}]	16	1
14	2024-02-01 22:36:53.594054+01	3	978-1-234567 - No linked book	1	[{"added": {}}]	16	1
15	2024-02-01 22:36:59.522259+01	3	978-1-234567 - No linked book	2	[]	16	1
16	2024-02-01 22:37:18.427129+01	16	Bieguni	2	[{"changed": {"fields": ["Authors", "Isbn"]}}]	7	1
17	2024-02-01 22:44:32.220457+01	1	Adam Mickiewicz	2	[{"changed": {"fields": ["Name"]}}]	11	1
18	2024-02-01 22:44:38.682592+01	2	Olga Tokatczuk	1	[{"added": {}}]	11	1
19	2024-02-01 22:44:47.229296+01	3	Bolesław Prus	1	[{"added": {}}]	11	1
20	2024-02-01 22:50:59.024057+01	4	978-2-876543-21-0 - No linked book	1	[{"added": {}}]	16	1
21	2024-02-01 22:51:53.148804+01	17	Stara Powieść	1	[{"added": {}}]	7	1
22	2024-02-01 22:52:24.621066+01	17	Stara Powieść	2	[{"changed": {"fields": ["Image"]}}]	7	1
23	2024-02-01 22:52:29.30011+01	16	Bieguni	2	[{"changed": {"fields": ["Image"]}}]	7	1
24	2024-02-02 13:29:47.769704+01	34	T	3		11	1
25	2024-02-02 13:29:47.775704+01	33	g	3		11	1
26	2024-02-02 13:29:47.775704+01	32	O	3		11	1
27	2024-02-02 13:29:47.776743+01	30	k	3		11	1
28	2024-02-02 13:29:47.777703+01	29	c	3		11	1
29	2024-02-02 13:29:47.777703+01	28	a	3		11	1
30	2024-02-02 13:29:47.778716+01	27	ł	3		11	1
31	2024-02-02 13:29:47.779704+01	26	S	3		11	1
32	2024-02-02 13:29:47.779704+01	25	z	3		11	1
33	2024-02-02 13:29:47.780703+01	24	s	3		11	1
34	2024-02-02 13:29:47.780703+01	23	i	3		11	1
35	2024-02-02 13:29:47.781704+01	22	l	3		11	1
36	2024-02-02 13:29:47.781704+01	21	J	3		11	1
37	2024-02-02 13:29:47.782739+01	18	OSoba 2	3		11	1
38	2024-02-02 13:29:47.783704+01	17	Osoba 1	3		11	1
39	2024-02-02 13:29:47.783704+01	12	Piszarz Pisarski	3		11	1
40	2024-02-02 13:29:47.784705+01	11	y	3		11	1
41	2024-02-02 13:29:47.784705+01	10	w	3		11	1
42	2024-02-02 13:29:47.785703+01	9	 	3		11	1
43	2024-02-02 13:29:47.786704+01	8	r	3		11	1
44	2024-02-02 13:29:47.786704+01	7	o	3		11	1
45	2024-02-02 13:29:47.787837+01	6	t	3		11	1
46	2024-02-02 13:29:47.787837+01	5	u	3		11	1
47	2024-02-02 13:29:47.78874+01	4	A	3		11	1
48	2024-02-02 14:15:42.438572+01	12	fajnychlopaczek@buziaczek.pl	3		4	1
49	2024-02-02 14:16:51.621821+01	21	tomasz@mail.com	1	[{"added": {}}]	4	1
50	2024-02-02 14:16:57.162705+01	21	tomasz@mail.com	2	[{"changed": {"fields": ["Staff status"]}}]	4	1
51	2024-02-02 14:17:09.774047+01	21	tomasz@mail.com	2	[{"changed": {"fields": ["First name", "Last name"]}}]	4	1
\.


--
-- Data for Name: django_content_type; Type: TABLE DATA; Schema: public; Owner: postgres
--

COPY public.django_content_type (id, app_label, model) FROM stdin;
1	admin	logentry
2	auth	permission
3	auth	group
4	auth	user
5	contenttypes	contenttype
6	sessions	session
7	app	book
8	token_blacklist	blacklistedtoken
9	token_blacklist	outstandingtoken
10	app	bookauthor
11	app	author
12	app	archiveloan
13	app	bookcopy
14	app	borrowedbook
15	app	reservedbook
16	app	isbn
\.


--
-- Data for Name: django_migrations; Type: TABLE DATA; Schema: public; Owner: postgres
--

COPY public.django_migrations (id, app, name, applied) FROM stdin;
1	contenttypes	0001_initial	2023-10-12 18:33:15.140144+02
2	auth	0001_initial	2023-10-12 18:33:15.203169+02
3	admin	0001_initial	2023-10-12 18:33:15.221168+02
4	admin	0002_logentry_remove_auto_add	2023-10-12 18:33:15.229169+02
5	admin	0003_logentry_add_action_flag_choices	2023-10-12 18:33:15.235168+02
6	contenttypes	0002_remove_content_type_name	2023-10-12 18:33:15.247168+02
7	auth	0002_alter_permission_name_max_length	2023-10-12 18:33:15.254169+02
8	auth	0003_alter_user_email_max_length	2023-10-12 18:33:15.262169+02
9	auth	0004_alter_user_username_opts	2023-10-12 18:33:15.269169+02
10	auth	0005_alter_user_last_login_null	2023-10-12 18:33:15.276169+02
11	auth	0006_require_contenttypes_0002	2023-10-12 18:33:15.277168+02
12	auth	0007_alter_validators_add_error_messages	2023-10-12 18:33:15.285168+02
13	auth	0008_alter_user_username_max_length	2023-10-12 18:33:15.295684+02
14	auth	0009_alter_user_last_name_max_length	2023-10-12 18:33:15.302682+02
15	auth	0010_alter_group_name_max_length	2023-10-12 18:33:15.310194+02
16	auth	0011_update_proxy_permissions	2023-10-12 18:33:15.316194+02
17	auth	0012_alter_user_first_name_max_length	2023-10-12 18:33:15.323198+02
18	sessions	0001_initial	2023-10-12 18:33:15.333705+02
19	app	0001_initial	2023-11-11 17:40:04.563417+01
20	token_blacklist	0001_initial	2023-11-16 18:17:37.254206+01
21	token_blacklist	0002_outstandingtoken_jti_hex	2023-11-16 18:17:37.263246+01
22	token_blacklist	0003_auto_20171017_2007	2023-11-16 18:17:37.274258+01
23	token_blacklist	0004_auto_20171017_2013	2023-11-16 18:17:37.288206+01
24	token_blacklist	0005_remove_outstandingtoken_jti	2023-11-16 18:17:37.303305+01
25	token_blacklist	0006_auto_20171017_2113	2023-11-16 18:17:37.312693+01
26	token_blacklist	0007_auto_20171017_2214	2023-11-16 18:17:37.357966+01
27	token_blacklist	0008_migrate_to_bigautofield	2023-11-16 18:17:37.405926+01
28	token_blacklist	0010_fix_migrate_to_bigautofield	2023-11-16 18:17:37.424022+01
29	token_blacklist	0011_linearizes_history	2023-11-16 18:17:37.427062+01
30	token_blacklist	0012_alter_outstandingtoken_user	2023-11-16 18:17:37.43402+01
31	app	0002_author_bookauthor	2023-12-15 17:48:46.281634+01
32	authentification	0001_initial	2023-12-15 19:26:57.585848+01
33	authentification	0002_remove_userdetails_user_delete_customuser_and_more	2023-12-15 19:26:57.621843+01
34	app	0002_rename_publication_year_book_publicationyear	2023-12-22 18:42:32.523603+01
35	app	0003_rename_title_book_titles	2024-01-03 18:04:00.227502+01
36	app	0004_rename_titles_book_title	2024-01-03 18:33:43.055887+01
37	app	0005_archiveloan_bookcopy_borrowedbook_reservedbook_and_more	2024-01-09 17:45:11.090501+01
38	app	0006_isbn	2024-01-18 17:51:56.306134+01
39	app	0007_remove_isbn_book_book_isbn	2024-01-18 18:11:35.40437+01
40	app	0008_alter_book_image_alter_isbn_isbn_number	2024-02-01 22:49:31.360191+01
41	app	0009_remove_book_availability	2024-02-02 06:16:08.052833+01
\.


--
-- Data for Name: django_session; Type: TABLE DATA; Schema: public; Owner: postgres
--

COPY public.django_session (session_key, session_data, expire_date) FROM stdin;
z0sejcxyfxpr0oyrfb4sn8bpgm7trjc2	.eJxVjDEOwjAQBP_iGlmOI58TSnreYJ3vFhJAjhQnFeLvyFIKaHdm9m0S79uU9oo1zWrOpjOn3y2zPFEa0AeX-2JlKds6Z9sUe9Bqr4vidTncv4OJ69RqgsC56MboAutNmCiyyhgccoxD7Hv4MBBIAwjBY-yg0mcnHghkPl_1ozhx:1qyvuM:_6dh_TNGJWYwnZC8LY1hvTaMo5SzgOH28wI7by4zNTw	2023-11-17 16:16:26.371662+01
rhpc7pp391n5bzufun9xco8yd0zexnnd	.eJxVjDEOwjAQBP_iGlmOI58TSnreYJ3vFhJAjhQnFeLvyFIKaHdm9m0S79uU9oo1zWrOpjOn3y2zPFEa0AeX-2JlKds6Z9sUe9Bqr4vidTncv4OJ69RqgsC56MboAutNmCiyyhgccoxD7Hv4MBBIAwjBY-yg0mcnHghkPl_1ozhx:1r1r9r:GTgLtv2WQRfqvpoZ6S2-wKfVUt7ppeIE8LDrtHZcVyA	2023-11-25 17:48:31.520346+01
2vymzvqq059b737akt114vgnkaauwv9v	.eJxVjDEOwjAQBP_iGlmOI58TSnreYJ3vFhJAjhQnFeLvyFIKaHdm9m0S79uU9oo1zWrOpjOn3y2zPFEa0AeX-2JlKds6Z9sUe9Bqr4vidTncv4OJ69RqgsC56MboAutNmCiyyhgccoxD7Hv4MBBIAwjBY-yg0mcnHghkPl_1ozhx:1r3gBJ:M0LWWmEgAQkIcAcB_B5uRb0r76GPB2SYB1KCyLTyENc	2023-11-30 18:29:33.588512+01
liavsoiqf4d5ywr11jstesvq6soglpko	.eJxVjDEOwjAQBP_iGlmOI58TSnreYJ3vFhJAjhQnFeLvyFIKaHdm9m0S79uU9oo1zWrOpjOn3y2zPFEa0AeX-2JlKds6Z9sUe9Bqr4vidTncv4OJ69RqgsC56MboAutNmCiyyhgccoxD7Hv4MBBIAwjBY-yg0mcnHghkPl_1ozhx:1r4Nbo:0smMoWT2buTM5-tASzEtxIcqILSsDciXNDH59b5aA14	2023-12-02 16:51:48.077772+01
yks8y1uv6lfpxfxkipbdyxvp0fu34e5t	.eJxVjMEOwiAQRP-FsyGFEqAevfsNZHdZpGogKe2p8d-lSQ96nHlvZhcBtjWHrfES5iiuwojLb4dALy4HiE8ojyqplnWZUR6KPGmT9xr5fTvdv4MMLfe1Gg16huQi4DACaeoBJrB61D6B0-xjYqMYJxuT7dh7b2kgqxDZgfh8AR85OYE:1rEBMN:SfOew-1TCpH8o-AHN13lxuB8ONcszcKl9qABLsdGphg	2023-12-29 17:48:23.041382+01
x639lhgl629polo356g3xeim2nkhnr7f	.eJxVjMEOwiAQRP-FsyGFEqAevfsNZHdZpGogKe2p8d-lSQ96nHlvZhcBtjWHrfES5iiuwojLb4dALy4HiE8ojyqplnWZUR6KPGmT9xr5fTvdv4MMLfe1Gg16huQi4DACaeoBJrB61D6B0-xjYqMYJxuT7dh7b2kgqxDZgfh8AR85OYE:1rEDUq:YHnylzJpYvEQXciMhKsV5FJhouFeTZ_J0MmnRKJKPRc	2023-12-29 20:05:16.610305+01
4vxf3k3ew9xqiz5qng0b2gv62pg463fj	.eJxVjDEOwjAQBP_iGlmOI58TSnreYJ3vFhJAjhQnFeLvyFIKaHdm9m0S79uU9oo1zWrOpjOn3y2zPFEa0AeX-2JlKds6Z9sUe9Bqr4vidTncv4OJ69RqgsC56MboAutNmCiyyhgccoxD7Hv4MBBIAwjBY-yg0mcnHghkPl_1ozhx:1rNEai:lpfBN6xO4oZUuNsX7L-nGuZIxqX5IB9l7jqgDRXi7-s	2024-01-23 17:04:36.945261+01
lriazkdbanh18eryhib4kjrn22jvo7ux	.eJxVjDEOwjAQBP_iGlmOI58TSnreYJ3vFhJAjhQnFeLvyFIKaHdm9m0S79uU9oo1zWrOpjOn3y2zPFEa0AeX-2JlKds6Z9sUe9Bqr4vidTncv4OJ69RqgsC56MboAutNmCiyyhgccoxD7Hv4MBBIAwjBY-yg0mcnHghkPl_1ozhx:1rPnM1:l-1ArGHR4YiKhGqiB41ldav_boEYw42vu7M2Pee2EkU	2024-01-30 18:36:01.24665+01
yng1vt8kuhnwhqiejrhf2xnreuhmz3eu	.eJxVjDEOwjAQBP_iGlmOI58TSnreYJ3vFhJAjhQnFeLvyFIKaHdm9m0S79uU9oo1zWrOpjOn3y2zPFEa0AeX-2JlKds6Z9sUe9Bqr4vidTncv4OJ69RqgsC56MboAutNmCiyyhgccoxD7Hv4MBBIAwjBY-yg0mcnHghkPl_1ozhx:1rQVd1:HSCEHP7ii4oeWzu109fGfU7jiQqw-wWp0Cs6rp5-RMk	2024-02-01 17:52:31.483216+01
6s9ulsjmqyoypieqxz7wq444qfxipms0	.eJxVjDEOwjAQBP_iGlmOI58TSnreYJ3vFhJAjhQnFeLvyFIKaHdm9m0S79uU9oo1zWrOpjOn3y2zPFEa0AeX-2JlKds6Z9sUe9Bqr4vidTncv4OJ69RqgsC56MboAutNmCiyyhgccoxD7Hv4MBBIAwjBY-yg0mcnHghkPl_1ozhx:1rQVgM:9BZaRtacozilofCWsx81y2by0S-R01FSqRgJcFo8oPg	2024-02-01 17:55:58.943757+01
m2ztrof7u1jbd24qi5gwd1xi0vuf0ivb	.eJxVjDEOwjAQBP_iGlmOI58TSnreYJ3vFhJAjhQnFeLvyFIKaHdm9m0S79uU9oo1zWrOpjOn3y2zPFEa0AeX-2JlKds6Z9sUe9Bqr4vidTncv4OJ69RqgsC56MboAutNmCiyyhgccoxD7Hv4MBBIAwjBY-yg0mcnHghkPl_1ozhx:1rVdjo:n_pH0I1w0a-o3ltDblO3im5gIs7_7JKHqJOXn8R1jOQ	2024-02-15 21:32:44.292429+01
nr7to7ottt8ieakxv49aktlusf4mjpaq	.eJxVjDEOwjAQBP_iGlmOI58TSnreYJ3vFhJAjhQnFeLvyFIKaHdm9m0S79uU9oo1zWrOpjOn3y2zPFEa0AeX-2JlKds6Z9sUe9Bqr4vidTncv4OJ69RqgsC56MboAutNmCiyyhgccoxD7Hv4MBBIAwjBY-yg0mcnHghkPl_1ozhx:1rVewz:Np5anMS0mxk5bNZ8dpBQJgzXtfevMcf3ZwFQx8MIP-M	2024-02-15 22:50:25.778127+01
nuyvejlno4ym6j32u2zfhqyp67nv7di8	.eJwFwUESgCAIAMC_8AJA1OgzDqKM56xT09_bfaHZc6_27Hm1ZXvBCSZ15iqUc0LhCC1WBOuIPoOQfdDRs_kMVWZGcqXuUkYYaU9pwPcDhz8ZlQ:1rVgYf:telNahZkew7NDGqRfTF45abl1zTj_2M3fcGNJY1JX8k	2024-02-16 00:33:25.548792+01
5efxq6v1leo5be3zkgiviiecvypho22v	.eJwFwcERgCAMBMBeqOASogGbYRIxw1vk5di7u29qtp7R1rzuNmyOdCScQZBSmUhDMnZWBkjd0EW7nIFgz34hejjXyrrBpLgQuW-Wvh9pJBjn:1rVgcM:hzkA7_nid99BN3YwYTLh7ZAkD6gJcuQzZefu-S2rgwA	2024-02-16 00:37:14.551496+01
476464aq8iyy75ql6trndehw1vt8maso	.eJwNy8ENwCAIQNFdmEBFULuMAcV4rvXUdPd6_Mn7L1TZz6x72V2nrAkXYMZCDR1jDpRz5NCDd8SuUxxeOLhRJLVBxopHnFRNZu2Mo2uB7wdRcRjA:1rVioO:wqUQ59VanJf6l_jf7Z8lepQg3vAPWijPlDIpwyjEHmU	2024-02-16 02:57:48.327187+01
6f40fwrjnmkudj4nycjomff41l5sof3e	.eJwFwUESgCAIAMC_8AIFxOozDiCO58xT09_bfaHpfmbbK-42dU24wI1qjYHdXJlKGCr7aaWQYCqOKZA5HyQcLEGuYWKDjSksY-3w_aWZGeg:1rVsMu:Eb4KbawQv9l82tvqq_RPJfr6X1pTYzkYjP1Ixn1yixo	2024-02-16 13:10:04.219818+01
o3tcewcgfz9xy9x9m8ddim7x6dnx8v2x	.eJwFwdENwCAIBcBdnMAoKHQZ80CN37V-Nd29d29oOM9qZ4-7LewVriBGrIjqsaRUMsNMBiVGYaYkys6ZqROsaAXNOp2iuWeg65QRvh90ARl5:1rVsMu:Eu1XbBTzg00PAfEZZo9tUtUVFLwfJ1h_Krwlj-81Pmg	2024-02-16 13:10:04.833382+01
\.


--
-- Data for Name: table_name; Type: TABLE DATA; Schema: public; Owner: postgres
--

COPY public.table_name  FROM stdin;
\.


--
-- Data for Name: token_blacklist_blacklistedtoken; Type: TABLE DATA; Schema: public; Owner: postgres
--

COPY public.token_blacklist_blacklistedtoken (id, blacklisted_at, token_id) FROM stdin;
1	2023-11-16 18:38:11.424261+01	3
2	2023-11-16 19:39:45.44309+01	5
3	2023-11-16 19:49:59.33215+01	8
4	2023-11-16 19:59:55.799172+01	14
5	2023-11-16 20:02:43.271496+01	15
6	2023-11-16 20:03:46.586335+01	16
7	2023-11-16 20:07:21.562176+01	17
8	2023-11-18 16:20:17.546828+01	19
9	2024-01-19 17:24:45.742428+01	38
\.


--
-- Data for Name: token_blacklist_outstandingtoken; Type: TABLE DATA; Schema: public; Owner: postgres
--

COPY public.token_blacklist_outstandingtoken (id, token, created_at, expires_at, user_id, jti) FROM stdin;
1	eyJhbGciOiJIUzI1NiIsInR5cCI6IkpXVCJ9.eyJ0b2tlbl90eXBlIjoicmVmcmVzaCIsImV4cCI6MTcwMDI0MjI2NywiaWF0IjoxNzAwMTU1ODY3LCJqdGkiOiJhODQwY2NhZWMxNDY0ZjgyYWVhMjI4OGY5MGZmMmNkMyIsInVzZXJfaWQiOjF9.m1kl2NcXkUytDE3T7Q2M3sGcWG9p1ioLI-GizNsLyG0	2023-11-16 18:31:07.506648+01	2023-11-17 18:31:07+01	1	a840ccaec1464f82aea2288f90ff2cd3
2	eyJhbGciOiJIUzI1NiIsInR5cCI6IkpXVCJ9.eyJ0b2tlbl90eXBlIjoicmVmcmVzaCIsImV4cCI6MTcwMDI0MjQxOCwiaWF0IjoxNzAwMTU2MDE4LCJqdGkiOiIxMGJjOGJhYjc3OWM0NDlhODIxYTlkMDQ0ZWU2OWMzYSIsInVzZXJfaWQiOjF9.B2oVRjbk17ME5koxpssWmnLZQeOw9cI6OX7PRT1HjfU	2023-11-16 18:33:38.635981+01	2023-11-17 18:33:38+01	1	10bc8bab779c449a821a9d044ee69c3a
3	eyJhbGciOiJIUzI1NiIsInR5cCI6IkpXVCJ9.eyJ0b2tlbl90eXBlIjoicmVmcmVzaCIsImV4cCI6MTcwMDI0MjY1NSwiaWF0IjoxNzAwMTU2MjU1LCJqdGkiOiJjOGE5MDgxODQ5MjA0N2E4YTk5MTZiOWMyNDY1NzI0MCIsInVzZXJfaWQiOjF9.wlDh5coViLvEOaibzISDOaZ2A8f3pw4Su6IzCl7hPf4	2023-11-16 18:37:35.978433+01	2023-11-17 18:37:35+01	1	c8a90818492047a8a9916b9c24657240
4	eyJhbGciOiJIUzI1NiIsInR5cCI6IkpXVCJ9.eyJ0b2tlbl90eXBlIjoicmVmcmVzaCIsImV4cCI6MTcwMDI0NDUwMiwiaWF0IjoxNzAwMTU4MTAyLCJqdGkiOiI4YzExNDFiYzA2OTk0Mzc0YjVjYzBlNjU5MWM2NWIyZCIsInVzZXJfaWQiOjF9.D1g6MuDSsliK-i3gz7WoZUmbAuzQqFBONsrM9UX4anM	2023-11-16 19:08:22.341867+01	2023-11-17 19:08:22+01	1	8c1141bc06994374b5cc0e6591c65b2d
5	eyJhbGciOiJIUzI1NiIsInR5cCI6IkpXVCJ9.eyJ0b2tlbl90eXBlIjoicmVmcmVzaCIsImV4cCI6MTcwMDI0NjMyMCwiaWF0IjoxNzAwMTU5OTIwLCJqdGkiOiIxYTczY2YzMmZmY2Y0YmY2OTEyN2QzMDU1NGFmNzMyNyIsInVzZXJfaWQiOjF9.ADgTgbe-x6OZ9Nq1MO49BsjyDY9zHDoOtw0Ryr4wiY4	2023-11-16 19:38:40.201266+01	2023-11-17 19:38:40+01	1	1a73cf32ffcf4bf69127d30554af7327
6	eyJhbGciOiJIUzI1NiIsInR5cCI6IkpXVCJ9.eyJ0b2tlbl90eXBlIjoicmVmcmVzaCIsImV4cCI6MTcwMDI0NjkyMSwiaWF0IjoxNzAwMTYwNTIxLCJqdGkiOiJmZTUxODA0N2EwZjY0NTdiOTViOTY4Mjg3OWViODk4NiIsInVzZXJfaWQiOjF9.tGrg4SX34hafp1vvIqN4BQgxfYb3Vg2dIdW1ro0RszE	2023-11-16 19:48:41.101729+01	2023-11-17 19:48:41+01	1	fe518047a0f6457b95b9682879eb8986
7	eyJhbGciOiJIUzI1NiIsInR5cCI6IkpXVCJ9.eyJ0b2tlbl90eXBlIjoicmVmcmVzaCIsImV4cCI6MTcwMDI0Njk1MywiaWF0IjoxNzAwMTYwNTUzLCJqdGkiOiJkYTJhYjQ3ZmI1Zjg0ZTM4YWFhMWZkZDUyOTAyMjNjNSIsInVzZXJfaWQiOjF9.jlh5Ufze61DXixDrF2jVj6dhHjKFlPpSeBabNnfJkk8	2023-11-16 19:49:13.842889+01	2023-11-17 19:49:13+01	1	da2ab47fb5f84e38aaa1fdd5290223c5
8	eyJhbGciOiJIUzI1NiIsInR5cCI6IkpXVCJ9.eyJ0b2tlbl90eXBlIjoicmVmcmVzaCIsImV4cCI6MTcwMDI0Njk2MCwiaWF0IjoxNzAwMTYwNTYwLCJqdGkiOiIzNzIxYWFhOWU5NzY0NGM3Yjg3ZTVmOWMxZTExYzI1MyIsInVzZXJfaWQiOjF9.LMGLZZ4TbEncp6KuPehBqEJoeOri7Bz6fMePIeDgdno	2023-11-16 19:49:20.257835+01	2023-11-17 19:49:20+01	1	3721aaa9e97644c7b87e5f9c1e11c253
9	eyJhbGciOiJIUzI1NiIsInR5cCI6IkpXVCJ9.eyJ0b2tlbl90eXBlIjoicmVmcmVzaCIsImV4cCI6MTcwMDI0NzE0OCwiaWF0IjoxNzAwMTYwNzQ4LCJqdGkiOiIwNzQxNDUzNzhkMTI0ZWU2OWZlNzY4YWY2YTIzNzcwNCIsInVzZXJfaWQiOjF9.ecZ-XlCsLBCfu1K1pDYmPdMeY7_QqvdmRYvCPKaBUzU	2023-11-16 19:52:28.859099+01	2023-11-17 19:52:28+01	1	074145378d124ee69fe768af6a237704
10	eyJhbGciOiJIUzI1NiIsInR5cCI6IkpXVCJ9.eyJ0b2tlbl90eXBlIjoicmVmcmVzaCIsImV4cCI6MTcwMDI0NzIzOSwiaWF0IjoxNzAwMTYwODM5LCJqdGkiOiI1ZWI0OGFmNDJhMTA0NWY0YWY3YTRlNTQ3MzIzZmQ5NSIsInVzZXJfaWQiOjF9.ieCvXLshD669eqRnJAetg9-1T6NwIV3SzQJzS1eO_IQ	2023-11-16 19:53:59.261436+01	2023-11-17 19:53:59+01	1	5eb48af42a1045f4af7a4e547323fd95
11	eyJhbGciOiJIUzI1NiIsInR5cCI6IkpXVCJ9.eyJ0b2tlbl90eXBlIjoicmVmcmVzaCIsImV4cCI6MTcwMDI0NzQzMSwiaWF0IjoxNzAwMTYxMDMxLCJqdGkiOiIzYTZhYWIxNTEwYTU0ZjM2ODIwZWVjN2VhZDRkMjg2YyIsInVzZXJfaWQiOjF9.hoX9fvJCyHo0bPf6LVn7H0grB5nDAIwySCajOjsvoNo	2023-11-16 19:57:11.874963+01	2023-11-17 19:57:11+01	1	3a6aab1510a54f36820eec7ead4d286c
12	eyJhbGciOiJIUzI1NiIsInR5cCI6IkpXVCJ9.eyJ0b2tlbl90eXBlIjoicmVmcmVzaCIsImV4cCI6MTcwMDI0NzQ3OCwiaWF0IjoxNzAwMTYxMDc4LCJqdGkiOiI4NDk4NjNkMDE5Zjg0NGVhOTlmYjczMzhjMzQ1M2M2OCIsInVzZXJfaWQiOjF9.92QGvKH8YtpYeXeIvUNghw9dv_sCeq6EEL2Yd6EARPg	2023-11-16 19:57:58.005633+01	2023-11-17 19:57:58+01	1	849863d019f844ea99fb7338c3453c68
13	eyJhbGciOiJIUzI1NiIsInR5cCI6IkpXVCJ9.eyJ0b2tlbl90eXBlIjoicmVmcmVzaCIsImV4cCI6MTcwMDI0NzU1NiwiaWF0IjoxNzAwMTYxMTU2LCJqdGkiOiI1NTBhOWNkOGM3MWQ0YWE5YTFiMTA4MTcwZmNkMmVhYiIsInVzZXJfaWQiOjF9.CuD2U6zBFYCOXb9Gb30hA56OdCivdUQWBDTZ65oPFb8	2023-11-16 19:59:16.293822+01	2023-11-17 19:59:16+01	1	550a9cd8c71d4aa9a1b108170fcd2eab
14	eyJhbGciOiJIUzI1NiIsInR5cCI6IkpXVCJ9.eyJ0b2tlbl90eXBlIjoicmVmcmVzaCIsImV4cCI6MTcwMDI0NzU3NywiaWF0IjoxNzAwMTYxMTc3LCJqdGkiOiIzYTI2MTg0MWFkMjE0NjNhOGEzZDlhNDQyOTY0ZmY4NyIsInVzZXJfaWQiOjF9.DUNQ1wjxeZsbbLHZU3755_7tAd0vOSqURD3uMRxw5fw	2023-11-16 19:59:37.954466+01	2023-11-17 19:59:37+01	1	3a261841ad21463a8a3d9a442964ff87
15	eyJhbGciOiJIUzI1NiIsInR5cCI6IkpXVCJ9.eyJ0b2tlbl90eXBlIjoicmVmcmVzaCIsImV4cCI6MTcwMDI0NzcxNSwiaWF0IjoxNzAwMTYxMzE1LCJqdGkiOiI4YWUwYzgyZjk5MzA0MTkxYTc5YWM2ZDdlY2U1ODNkNyIsInVzZXJfaWQiOjF9._lsYY7zyGR6eyBM2MFIJbnwzDuKUmXs-yqjvKjQMfkA	2023-11-16 20:01:55.750609+01	2023-11-17 20:01:55+01	1	8ae0c82f99304191a79ac6d7ece583d7
16	eyJhbGciOiJIUzI1NiIsInR5cCI6IkpXVCJ9.eyJ0b2tlbl90eXBlIjoicmVmcmVzaCIsImV4cCI6MTcwMDI0Nzc2MywiaWF0IjoxNzAwMTYxMzYzLCJqdGkiOiI2OTUxOTY1YWE0ZDg0YzliODJlYTdkZWUwMjdhZDM5MiIsInVzZXJfaWQiOjF9.klP7sAFE8ah4bo6ZOcI-H1Ve9skrvZHgUspGhs5LcBc	\N	2023-11-17 20:02:43+01	\N	6951965aa4d84c9b82ea7dee027ad392
17	eyJhbGciOiJIUzI1NiIsInR5cCI6IkpXVCJ9.eyJ0b2tlbl90eXBlIjoicmVmcmVzaCIsImV4cCI6MTcwMDI0Nzk2MSwiaWF0IjoxNzAwMTYxNTYxLCJqdGkiOiI0OThlYjk4M2E1Mzg0YWNlOWMxMTEyNDE1MDY3ODhmYiIsInVzZXJfaWQiOjF9.wm2-pdhFwuq_tqavSI4M9jALRu6rGCA2DyxlI49YTS0	2023-11-16 20:06:01.487044+01	2023-11-17 20:06:01+01	1	498eb983a5384ace9c111241506788fb
18	eyJhbGciOiJIUzI1NiIsInR5cCI6IkpXVCJ9.eyJ0b2tlbl90eXBlIjoicmVmcmVzaCIsImV4cCI6MTcwMDQwNzE4OCwiaWF0IjoxNzAwMzIwNzg4LCJqdGkiOiJhYTQ5MjEwNTRjYjk0YTBjYmQ4NTRlNGJkNzAyODEzMyIsInVzZXJfaWQiOjF9.hiy30ZYgMVIy1MaTiTAAhLCT7_trXAmYLrAe6AY5UIM	2023-11-18 16:19:48.944801+01	2023-11-19 16:19:48+01	1	aa4921054cb94a0cbd854e4bd7028133
19	eyJhbGciOiJIUzI1NiIsInR5cCI6IkpXVCJ9.eyJ0b2tlbl90eXBlIjoicmVmcmVzaCIsImV4cCI6MTcwMDQwNzE5MiwiaWF0IjoxNzAwMzIwNzkyLCJqdGkiOiI0YTMzNjI1YzVjMmI0M2Q1YjU5MGE1NDg5Yzk4M2Q4ZiIsInVzZXJfaWQiOjF9.hkmGELsS67B11MYQxyxc5M5Gi56cpIEDD7c9-DfScmI	2023-11-18 16:19:52.169862+01	2023-11-19 16:19:52+01	1	4a33625c5c2b43d5b590a5489c983d8f
20	eyJhbGciOiJIUzI1NiIsInR5cCI6IkpXVCJ9.eyJ0b2tlbl90eXBlIjoicmVmcmVzaCIsImV4cCI6MTcwMDQwODgxOSwiaWF0IjoxNzAwMzIyNDE5LCJqdGkiOiIwODFkYzEyYzA2OWQ0MmE2OGI3YTU5OWZlMGRjMjUxMCIsInVzZXJfaWQiOjJ9.m0CbErKhAC7RTuBO7Joo9xUWj4yEgEjV29lGackJ9xo	2023-11-18 16:46:59.572886+01	2023-11-19 16:46:59+01	2	081dc12c069d42a68b7a599fe0dc2510
21	eyJhbGciOiJIUzI1NiIsInR5cCI6IkpXVCJ9.eyJ0b2tlbl90eXBlIjoicmVmcmVzaCIsImV4cCI6MTcwMDQwODg3NywiaWF0IjoxNzAwMzIyNDc3LCJqdGkiOiJkYzgyYTQ3NmE4MDk0NzNkYWYzN2Y1MDg1NTM2ZWRhMyIsInVzZXJfaWQiOjJ9.FFsQwwqxin_LVvC5ZgEAsi3Rvw1tJ0FuB6t2PglwnSA	2023-11-18 16:47:57.854588+01	2023-11-19 16:47:57+01	2	dc82a476a809473daf37f5085536eda3
22	eyJhbGciOiJIUzI1NiIsInR5cCI6IkpXVCJ9.eyJ0b2tlbl90eXBlIjoicmVmcmVzaCIsImV4cCI6MTcwMDQwODk5NSwiaWF0IjoxNzAwMzIyNTk1LCJqdGkiOiIxYmU2NTU0M2JhNDM0OWRmYWUxMmZkYmYxODIxZTFhNSIsInVzZXJfaWQiOjF9.jszAVV6LdqkbyHGYwNsavz_6gG5wQoQl8kizl_8kFWY	2023-11-18 16:49:55.73758+01	2023-11-19 16:49:55+01	1	1be65543ba4349dfae12fdbf1821e1a5
23	eyJhbGciOiJIUzI1NiIsInR5cCI6IkpXVCJ9.eyJ0b2tlbl90eXBlIjoicmVmcmVzaCIsImV4cCI6MTcwMDQwOTE4OSwiaWF0IjoxNzAwMzIyNzg5LCJqdGkiOiI4OThlYTVhMmMwYzY0MDVkOWJmZDg4ZThiYzc5MDVkNiIsInVzZXJfaWQiOjJ9.gR-OgBdnpVq9adtYV9tYK87lm1A5YyT2s_FJCBKeGvs	2023-11-18 16:53:09.205267+01	2023-11-19 16:53:09+01	2	898ea5a2c0c6405d9bfd88e8bc7905d6
24	eyJhbGciOiJIUzI1NiIsInR5cCI6IkpXVCJ9.eyJ0b2tlbl90eXBlIjoicmVmcmVzaCIsImV4cCI6MTcwMDQwOTQwOCwiaWF0IjoxNzAwMzIzMDA4LCJqdGkiOiIxNGUxMTAzOWY1ZjI0YTNmYWJlMTlkZjI2NDNhMjExMCIsInVzZXJfaWQiOjN9.qd11ZajDiJ50TP3kO3WVGplBFaIMuBbXhNW8umv4bhU	2023-11-18 16:56:48.11783+01	2023-11-19 16:56:48+01	3	14e11039f5f24a3fabe19df2643a2110
25	eyJhbGciOiJIUzI1NiIsInR5cCI6IkpXVCJ9.eyJ0b2tlbl90eXBlIjoicmVmcmVzaCIsImV4cCI6MTcwMjc1Mzc1NCwiaWF0IjoxNzAyNjY3MzU0LCJqdGkiOiIyZDgwYThhMTkzZWI0NGE2YWE0YTk3ZWZhODMxYmE0MSIsInVzZXJfaWQiOjd9.Mp4xii_Em2UdMrMp1J-XUjOHqpEiiaqJy4oJlYncEzk	2023-12-15 20:09:14.55801+01	2023-12-16 20:09:14+01	7	2d80a8a193eb44a6aa4a97efa831ba41
27	eyJhbGciOiJIUzI1NiIsInR5cCI6IkpXVCJ9.eyJ0b2tlbl90eXBlIjoicmVmcmVzaCIsImV4cCI6MTcwMzE4MjkxMCwiaWF0IjoxNzAzMDk2NTEwLCJqdGkiOiI0YzFlZGE0NTJmNTc0ZmM3OTA5NmY4NTg5M2JiYzc2ZCIsInVzZXJfaWQiOjEwfQ.sgoA7AfGKKezYZ6WuuU2npaLD532lby7XqA1f6VvI-I	2023-12-20 19:21:50.161758+01	2023-12-21 19:21:50+01	10	4c1eda452f574fc79096f85893bbc76d
28	eyJhbGciOiJIUzI1NiIsInR5cCI6IkpXVCJ9.eyJ0b2tlbl90eXBlIjoicmVmcmVzaCIsImV4cCI6MTcwMzMzMTI5OCwiaWF0IjoxNzAzMjQ0ODk4LCJqdGkiOiI3MzdkMmJjYjdiZTA0ZGU5YWE4NDU4MzEyZWNlYjQwNiIsInVzZXJfaWQiOjExfQ.bJoxTI9sREFQxUmoehx7wwvW2Z9-R8woi6H3sQxjazs	2023-12-22 12:34:58.035444+01	2023-12-23 12:34:58+01	11	737d2bcb7be04de9aa8458312eceb406
39	eyJhbGciOiJIUzI1NiIsInR5cCI6IkpXVCJ9.eyJ0b2tlbl90eXBlIjoicmVmcmVzaCIsImV4cCI6MTcwNTc2OTMzNSwiaWF0IjoxNzA1NjgyOTM1LCJqdGkiOiIyZmQwOWE2YTVjOTA0NGY1OWM3YWJjMmM4ZjY0MmEwYiIsInVzZXJfaWQiOjEzfQ.zDB749e9ZvRYxkzf0uouVAKP3EfbY8igk39sfQHbPys	2024-01-19 17:48:55.263612+01	2024-01-20 17:48:55+01	13	2fd09a6a5c9044f59c7abc2c8f642a0b
41	eyJhbGciOiJIUzI1NiIsInR5cCI6IkpXVCJ9.eyJ0b2tlbl90eXBlIjoicmVmcmVzaCIsImV4cCI6MTcwNjg3OTQyMiwiaWF0IjoxNzA2NzkzMDIyLCJqdGkiOiJhM2RhYjk4MTM5MjM0OGFlODAxNGRiZmQ5NmVmNjA1ZCIsInVzZXJfaWQiOjE0fQ.yCVijliwJEA5d_RdwRFaf2bD2dkIuFqubBu5p91Rfwo	2024-02-01 14:10:22.679101+01	2024-02-02 14:10:22+01	14	a3dab981392348ae8014dbfd96ef605d
42	eyJhbGciOiJIUzI1NiIsInR5cCI6IkpXVCJ9.eyJ0b2tlbl90eXBlIjoicmVmcmVzaCIsImV4cCI6MTcwNjg4MTUzNywiaWF0IjoxNzA2Nzk1MTM3LCJqdGkiOiJjMTBiODg5ZmNlNDk0NzAzOWM4ZmY3NDMyYTdlM2RkYyIsInVzZXJfaWQiOjE0fQ.9xa6kZexA8GrrsJ0fzHuWUsI8xEchUylEF5QFwXRhz8	2024-02-01 14:45:37.110888+01	2024-02-02 14:45:37+01	14	c10b889fce4947039c8ff7432a7e3ddc
43	eyJhbGciOiJIUzI1NiIsInR5cCI6IkpXVCJ9.eyJ0b2tlbl90eXBlIjoicmVmcmVzaCIsImV4cCI6MTcwNjg4MTg0MCwiaWF0IjoxNzA2Nzk1NDQwLCJqdGkiOiJkMmQ2MjJkMTQwYzk0YWZkODQ2MDg1MjE1NzJhYjhmZiIsInVzZXJfaWQiOjE0fQ.soVSAY18nrXXL_taukyCPcui-vLbxG0iobzhemWdhwM	2024-02-01 14:50:40.433919+01	2024-02-02 14:50:40+01	14	d2d622d140c94afd84608521572ab8ff
44	eyJhbGciOiJIUzI1NiIsInR5cCI6IkpXVCJ9.eyJ0b2tlbl90eXBlIjoicmVmcmVzaCIsImV4cCI6MTcwNjg4ODQ0MywiaWF0IjoxNzA2ODAyMDQzLCJqdGkiOiJlMDRiZDY5NjQ2MWY0MGY3ODNkNjIwODUzMjAwMGRiMSIsInVzZXJfaWQiOjE0fQ.NWxSArOtxWSBO0B29yTQ7J_Ru5Lxq-G7NiI3IWo7pmo	2024-02-01 16:40:43.545673+01	2024-02-02 16:40:43+01	14	e04bd696461f40f783d6208532000db1
45	eyJhbGciOiJIUzI1NiIsInR5cCI6IkpXVCJ9.eyJ0b2tlbl90eXBlIjoicmVmcmVzaCIsImV4cCI6MTcwNjg4OTc0MiwiaWF0IjoxNzA2ODAzMzQyLCJqdGkiOiJkZjU0MTc5Y2QyMzk0ZWFhOTQzZDI2Mzg5YzUzMDcxZCIsInVzZXJfaWQiOjE0fQ.JDKfgmnM0Xv0xh5iI7T4q9V46RD94RH3k_zihhTDaQs	2024-02-01 17:02:22.261603+01	2024-02-02 17:02:22+01	14	df54179cd2394eaa943d26389c53071d
46	eyJhbGciOiJIUzI1NiIsInR5cCI6IkpXVCJ9.eyJ0b2tlbl90eXBlIjoicmVmcmVzaCIsImV4cCI6MTcwNjg5MDc4NSwiaWF0IjoxNzA2ODA0Mzg1LCJqdGkiOiIwMTkwODhjZjU4MTI0OWExOTc0NjExMjY0Mzg5YzRlZiIsInVzZXJfaWQiOjE0fQ.bziJGMOvFoIABtsum_VeOAZOVZnZ8TtBr_vnflnx9eE	2024-02-01 17:19:45.607817+01	2024-02-02 17:19:45+01	14	019088cf581249a1974611264389c4ef
47	eyJhbGciOiJIUzI1NiIsInR5cCI6IkpXVCJ9.eyJ0b2tlbl90eXBlIjoicmVmcmVzaCIsImV4cCI6MTcwNjg5MjQzOCwiaWF0IjoxNzA2ODA2MDM4LCJqdGkiOiI5ZmUxMmNhOTRlN2E0MzYwOGQwNzUyOGM4YWMxNTBhMCIsInVzZXJfaWQiOjE0fQ.iZGBxJ9RwpDMNRl4r8T64rGekp8dej1cCX-ioY2cbf4	2024-02-01 17:47:18.994849+01	2024-02-02 17:47:18+01	14	9fe12ca94e7a43608d07528c8ac150a0
29	eyJhbGciOiJIUzI1NiIsInR5cCI6IkpXVCJ9.eyJ0b2tlbl90eXBlIjoicmVmcmVzaCIsImV4cCI6MTcwNTUxMjQ3OSwiaWF0IjoxNzA1NDI2MDc5LCJqdGkiOiJkNTVlNTViNjc0YjE0YWMzYjk0MzM2YmJjMWNlOTEzMSIsInVzZXJfaWQiOjEyfQ.9S1aYmy27zQGYGDo_4niAiNNhx6L_BfY-FRXBJp-xsg	2024-01-16 18:27:59.836761+01	2024-01-17 18:27:59+01	\N	d55e55b674b14ac3b94336bbc1ce9131
50	eyJhbGciOiJIUzI1NiIsInR5cCI6IkpXVCJ9.eyJ0b2tlbl90eXBlIjoicmVmcmVzaCIsImV4cCI6MTcwNjg5NDc1MywiaWF0IjoxNzA2ODA4MzUzLCJqdGkiOiI3ZjhlMjkyN2I3N2Q0Yjc4YWM0YjI5ODA4MjcyMjFiOCIsInVzZXJfaWQiOjE0fQ.4XdzSkb6nOCYMNzSEb8Z5_zQBSzLnqkuSJB5EDF1JqI	2024-02-01 18:25:53.510403+01	2024-02-02 18:25:53+01	14	7f8e2927b77d4b78ac4b2980827221b8
51	eyJhbGciOiJIUzI1NiIsInR5cCI6IkpXVCJ9.eyJ0b2tlbl90eXBlIjoicmVmcmVzaCIsImV4cCI6MTcwNjg5NTI1NSwiaWF0IjoxNzA2ODA4ODU1LCJqdGkiOiI3MjdlNWY4OTk5ZDg0OGQ5OGRlYTY5MDBhZmE1NzIxNSIsInVzZXJfaWQiOjE0fQ.PtX4CFmUiIBxAWi19TQ05xNygxnzcF4HOugYkZXYAtM	2024-02-01 18:34:15.719125+01	2024-02-02 18:34:15+01	14	727e5f8999d848d98dea6900afa57215
52	eyJhbGciOiJIUzI1NiIsInR5cCI6IkpXVCJ9.eyJ0b2tlbl90eXBlIjoicmVmcmVzaCIsImV4cCI6MTcwNjg5NTI3OCwiaWF0IjoxNzA2ODA4ODc4LCJqdGkiOiI3ZTVkNjgyMmVjNjI0ZDJhOTc1ZTZmODhjODZlZjE2YiIsInVzZXJfaWQiOjE0fQ.We0jeFGV_9gHav1jQlSaOG0LRfgYZp2VquXoM3tLMpM	2024-02-01 18:34:38.911395+01	2024-02-02 18:34:38+01	14	7e5d6822ec624d2a975e6f88c86ef16b
53	eyJhbGciOiJIUzI1NiIsInR5cCI6IkpXVCJ9.eyJ0b2tlbl90eXBlIjoicmVmcmVzaCIsImV4cCI6MTcwNjg5NTI5MSwiaWF0IjoxNzA2ODA4ODkxLCJqdGkiOiIxZDAwYTc5ZDQ1ZWY0MTYyOWQ3NTc4M2NjNzRiYWUzNSIsInVzZXJfaWQiOjE0fQ.okc1FFjZVOQ_Bi6PS-yS6c77F0S59DXFjfJ4zxXMpaU	2024-02-01 18:34:51.728796+01	2024-02-02 18:34:51+01	14	1d00a79d45ef41629d75783cc74bae35
54	eyJhbGciOiJIUzI1NiIsInR5cCI6IkpXVCJ9.eyJ0b2tlbl90eXBlIjoicmVmcmVzaCIsImV4cCI6MTcwNjg5NTI5NywiaWF0IjoxNzA2ODA4ODk3LCJqdGkiOiIzMzg0OTEwNGVkY2U0ODUxOWY5OTJjZmU2MmM4MThkOSIsInVzZXJfaWQiOjE0fQ.ZZWvqGP7x7kBnOQx7cwYFrgMHSL0GwVeVozwOilsFUQ	2024-02-01 18:34:57.921628+01	2024-02-02 18:34:57+01	14	33849104edce48519f992cfe62c818d9
55	eyJhbGciOiJIUzI1NiIsInR5cCI6IkpXVCJ9.eyJ0b2tlbl90eXBlIjoicmVmcmVzaCIsImV4cCI6MTcwNjg5NTI5OCwiaWF0IjoxNzA2ODA4ODk4LCJqdGkiOiIzNGQyZmVkNTJiM2Y0MTQ0ODFjMGNmOWVhMTIxNzA1NSIsInVzZXJfaWQiOjE0fQ.roPZX3wFwXVp462e_4t8bIsGzudZ6sJo50VjBnFD5ck	2024-02-01 18:34:58.072302+01	2024-02-02 18:34:58+01	14	34d2fed52b3f414481c0cf9ea1217055
56	eyJhbGciOiJIUzI1NiIsInR5cCI6IkpXVCJ9.eyJ0b2tlbl90eXBlIjoicmVmcmVzaCIsImV4cCI6MTcwNjg5NTI5OCwiaWF0IjoxNzA2ODA4ODk4LCJqdGkiOiIyOTM5MjgwYTJhMTE0NTZjYjQwNWVjODVkNDViMTdlYSIsInVzZXJfaWQiOjE0fQ.djMYbP67qzJ4I6SjhHrsuzFjfwfEEhLww-eoSc7TyLM	2024-02-01 18:34:58.408111+01	2024-02-02 18:34:58+01	14	2939280a2a11456cb405ec85d45b17ea
57	eyJhbGciOiJIUzI1NiIsInR5cCI6IkpXVCJ9.eyJ0b2tlbl90eXBlIjoicmVmcmVzaCIsImV4cCI6MTcwNjg5NTI5OCwiaWF0IjoxNzA2ODA4ODk4LCJqdGkiOiI5NzY4Y2E4MDQwMzg0YzliODFjYTgzYTkxNjdkMWI5ZCIsInVzZXJfaWQiOjE0fQ.AGpj3M9C3FkzGWkKl7WxVj7NfoPih-zaqYMHbIubS3Q	2024-02-01 18:34:58.74792+01	2024-02-02 18:34:58+01	14	9768ca8040384c9b81ca83a9167d1b9d
58	eyJhbGciOiJIUzI1NiIsInR5cCI6IkpXVCJ9.eyJ0b2tlbl90eXBlIjoicmVmcmVzaCIsImV4cCI6MTcwNjg5NTI5OCwiaWF0IjoxNzA2ODA4ODk4LCJqdGkiOiI1MTE5NTNjMTRkZDI0Y2M4YTY4ZThiZmVkZjkzNDFlNiIsInVzZXJfaWQiOjE0fQ.asMXDxmHhxHWD62mA1s7UH_-WI-GNpJLobVjes0ULI8	2024-02-01 18:34:58.943619+01	2024-02-02 18:34:58+01	14	511953c14dd24cc8a68e8bfedf9341e6
59	eyJhbGciOiJIUzI1NiIsInR5cCI6IkpXVCJ9.eyJ0b2tlbl90eXBlIjoicmVmcmVzaCIsImV4cCI6MTcwNjg5NTI5OSwiaWF0IjoxNzA2ODA4ODk5LCJqdGkiOiI0OWE2NmE4MzM3MWY0YjFjYTcyZDU3MjlhNGE5OTVkYSIsInVzZXJfaWQiOjE0fQ.6zQEqu-jIyZSOmMm6Grkt5SOVTdKXBNFkX9m2jw68wc	2024-02-01 18:34:59.431479+01	2024-02-02 18:34:59+01	14	49a66a83371f4b1ca72d5729a4a995da
60	eyJhbGciOiJIUzI1NiIsInR5cCI6IkpXVCJ9.eyJ0b2tlbl90eXBlIjoicmVmcmVzaCIsImV4cCI6MTcwNjg5NTMwMCwiaWF0IjoxNzA2ODA4OTAwLCJqdGkiOiIzOWFmZGRjZjg2NDg0NTNjOWI4Y2ViM2ZkNjY1M2JkZCIsInVzZXJfaWQiOjE0fQ.ND-Swz-owrY50wqvXXhrJdKy9WQ-h3-V-zXESWvplZ4	2024-02-01 18:35:00.296452+01	2024-02-02 18:35:00+01	14	39afddcf8648453c9b8ceb3fd6653bdd
61	eyJhbGciOiJIUzI1NiIsInR5cCI6IkpXVCJ9.eyJ0b2tlbl90eXBlIjoicmVmcmVzaCIsImV4cCI6MTcwNjg5NTMwOSwiaWF0IjoxNzA2ODA4OTA5LCJqdGkiOiI1ZWJjMGZjYjc0ZTY0ZjM5YTc5ZTJhYmI1NWQwMjM1YSIsInVzZXJfaWQiOjE0fQ.TkA8udh8yrGWFD9BaIBj0buUFXK8SpWOOa5X3xdqth8	2024-02-01 18:35:09.801656+01	2024-02-02 18:35:09+01	14	5ebc0fcb74e64f39a79e2abb55d0235a
62	eyJhbGciOiJIUzI1NiIsInR5cCI6IkpXVCJ9.eyJ0b2tlbl90eXBlIjoicmVmcmVzaCIsImV4cCI6MTcwNjg5NTMyMiwiaWF0IjoxNzA2ODA4OTIyLCJqdGkiOiIxYzQyMDMxODA2Yjg0Mjg4YWE1MjZmMjUyM2FlY2ZmMyIsInVzZXJfaWQiOjE0fQ.cq4gFLHe4t0jNMCFv7CqQpANnTQG8CsuWBPY6QgMsSk	2024-02-01 18:35:22.539024+01	2024-02-02 18:35:22+01	14	1c42031806b84288aa526f2523aecff3
63	eyJhbGciOiJIUzI1NiIsInR5cCI6IkpXVCJ9.eyJ0b2tlbl90eXBlIjoicmVmcmVzaCIsImV4cCI6MTcwNjg5NTMyNSwiaWF0IjoxNzA2ODA4OTI1LCJqdGkiOiJhOGQyMmQ3ZDRhODU0NTQ3YWI0ZDVjZmY0NjUxN2ZjZCIsInVzZXJfaWQiOjE0fQ.VFkUJrpbSvZnR81Bl_Btiji_vzENSXZG7ROPnr8JTaM	2024-02-01 18:35:25.929321+01	2024-02-02 18:35:25+01	14	a8d22d7d4a854547ab4d5cff46517fcd
64	eyJhbGciOiJIUzI1NiIsInR5cCI6IkpXVCJ9.eyJ0b2tlbl90eXBlIjoicmVmcmVzaCIsImV4cCI6MTcwNjg5NTMyNiwiaWF0IjoxNzA2ODA4OTI2LCJqdGkiOiI5OWYyYmY0NTE2NWU0OGM2ODRlNTZhZWQ0Mjk0ZDAzNCIsInVzZXJfaWQiOjE0fQ.DrJImU3dZoq6iqTZQPbsm6EgRbpX00GjAv2B55kz8og	2024-02-01 18:35:26.721577+01	2024-02-02 18:35:26+01	14	99f2bf45165e48c684e56aed4294d034
65	eyJhbGciOiJIUzI1NiIsInR5cCI6IkpXVCJ9.eyJ0b2tlbl90eXBlIjoicmVmcmVzaCIsImV4cCI6MTcwNjg5NTM1MywiaWF0IjoxNzA2ODA4OTUzLCJqdGkiOiIzZjJkM2RiNTc0OGE0YzVmOWQwMjhhOThiZTYzYmNkNyIsInVzZXJfaWQiOjE0fQ.fFA0FA67eS5Ibti3wr-ssl07rJC4M7kbmb-mXC24FR0	2024-02-01 18:35:53.146071+01	2024-02-02 18:35:53+01	14	3f2d3db5748a4c5f9d028a98be63bcd7
66	eyJhbGciOiJIUzI1NiIsInR5cCI6IkpXVCJ9.eyJ0b2tlbl90eXBlIjoicmVmcmVzaCIsImV4cCI6MTcwNjg5NTUyNywiaWF0IjoxNzA2ODA5MTI3LCJqdGkiOiI0YTdkZGYyNzYyZjk0ODBlODU4YmViMmQxMDIzNjljMSIsInVzZXJfaWQiOjE0fQ.I2M-RH4M3IHmBQ7gdghPPDItTBHoNFNf4VbNxBvipsk	2024-02-01 18:38:47.062711+01	2024-02-02 18:38:47+01	14	4a7ddf2762f9480e858beb2d102369c1
67	eyJhbGciOiJIUzI1NiIsInR5cCI6IkpXVCJ9.eyJ0b2tlbl90eXBlIjoicmVmcmVzaCIsImV4cCI6MTcwNjg5NTcyNSwiaWF0IjoxNzA2ODA5MzI1LCJqdGkiOiJiYWRlZGNkZDY3OGU0NWZhYTZiNWJjNjQzMjM2ZDVmYyIsInVzZXJfaWQiOjE0fQ.JhIUWwThWwtkdSHZw6OUduT2b556GvcbdSuwfeZ3aHI	2024-02-01 18:42:05.418102+01	2024-02-02 18:42:05+01	14	badedcdd678e45faa6b5bc643236d5fc
68	eyJhbGciOiJIUzI1NiIsInR5cCI6IkpXVCJ9.eyJ0b2tlbl90eXBlIjoicmVmcmVzaCIsImV4cCI6MTcwNjg5NTc2NiwiaWF0IjoxNzA2ODA5MzY2LCJqdGkiOiI4NWVmNGZmYzg2YmQ0NDk3YWEzNmM0NzEzNjk1YzllYyIsInVzZXJfaWQiOjE0fQ.r6y4Mp4ubltbJ4XcOLB6Bcg5o8MbU_kM4IpNOWr_BkU	2024-02-01 18:42:46.779794+01	2024-02-02 18:42:46+01	14	85ef4ffc86bd4497aa36c4713695c9ec
69	eyJhbGciOiJIUzI1NiIsInR5cCI6IkpXVCJ9.eyJ0b2tlbl90eXBlIjoicmVmcmVzaCIsImV4cCI6MTcwNjg5NTgwNiwiaWF0IjoxNzA2ODA5NDA2LCJqdGkiOiI3MWVmZTZmODQ3MGU0N2JhODU2NTk2ODE3OWI0Y2Y4NSIsInVzZXJfaWQiOjE0fQ.z3oD_xLRBGKIVNoWhN5aAxS1z29zFqSG9K1VigNX2No	2024-02-01 18:43:26.95315+01	2024-02-02 18:43:26+01	14	71efe6f8470e47ba8565968179b4cf85
70	eyJhbGciOiJIUzI1NiIsInR5cCI6IkpXVCJ9.eyJ0b2tlbl90eXBlIjoicmVmcmVzaCIsImV4cCI6MTcwNjg5NTg4NiwiaWF0IjoxNzA2ODA5NDg2LCJqdGkiOiJkZTRmZGQzNWZiN2M0ZDkzYjk2MzA3YTgzNmU5YzEyZSIsInVzZXJfaWQiOjE0fQ.LDZIz19FGLo6p7jUzJfSZ6IMebScBteVwed3l-JRyQg	2024-02-01 18:44:46.501435+01	2024-02-02 18:44:46+01	14	de4fdd35fb7c4d93b96307a836e9c12e
71	eyJhbGciOiJIUzI1NiIsInR5cCI6IkpXVCJ9.eyJ0b2tlbl90eXBlIjoicmVmcmVzaCIsImV4cCI6MTcwNjg5NjgwMiwiaWF0IjoxNzA2ODEwNDAyLCJqdGkiOiIyNjRkMDkxZmYxNTc0NGI3YjcxMDM4MmFhZWJhMGE3MCIsInVzZXJfaWQiOjE3fQ.XypaPJVOqhdpiv1d6usUnwCWY75ZzTGjjMhHzeD2dIQ	2024-02-01 19:00:02.713193+01	2024-02-02 19:00:02+01	17	264d091ff15744b7b710382aaeba0a70
72	eyJhbGciOiJIUzI1NiIsInR5cCI6IkpXVCJ9.eyJ0b2tlbl90eXBlIjoicmVmcmVzaCIsImV4cCI6MTcwNjg5Njg2MCwiaWF0IjoxNzA2ODEwNDYwLCJqdGkiOiI1MWI0MDU2MmQwYjc0NGE1OWQxZmY1NDJiNDRiZDM5YSIsInVzZXJfaWQiOjE0fQ.KHvqop5utQVheHyvhVrWb-hyJi-JfEwt2JKHJUbG7jg	2024-02-01 19:01:00.701079+01	2024-02-02 19:01:00+01	14	51b40562d0b744a59d1ff542b44bd39a
73	eyJhbGciOiJIUzI1NiIsInR5cCI6IkpXVCJ9.eyJ0b2tlbl90eXBlIjoicmVmcmVzaCIsImV4cCI6MTcwNjg5Njk3OSwiaWF0IjoxNzA2ODEwNTc5LCJqdGkiOiI5YzdkZjZkMTM4MmE0MDZiYmE2ZTI3YmM4YzZjNjNlNiIsInVzZXJfaWQiOjE3fQ.VTtpgPM-_0aoiZyYQIYss7tGSxvFocKDsgA7WtANr1A	2024-02-01 19:02:59.838088+01	2024-02-02 19:02:59+01	17	9c7df6d1382a406bba6e27bc8c6c63e6
74	eyJhbGciOiJIUzI1NiIsInR5cCI6IkpXVCJ9.eyJ0b2tlbl90eXBlIjoicmVmcmVzaCIsImV4cCI6MTcwNjg5Njk4MCwiaWF0IjoxNzA2ODEwNTgwLCJqdGkiOiIwMDI4OTI2NTVhYmI0NzVhYTIyYWI0NjllODVmOWU1ZiIsInVzZXJfaWQiOjE3fQ.ZKSNUQ84KySixiMtrzchSh2Bu5_WWAWBOLFf-UrPHBY	2024-02-01 19:03:00.190521+01	2024-02-02 19:03:00+01	17	002892655abb475aa22ab469e85f9e5f
75	eyJhbGciOiJIUzI1NiIsInR5cCI6IkpXVCJ9.eyJ0b2tlbl90eXBlIjoicmVmcmVzaCIsImV4cCI6MTcwNjg5NzIxNiwiaWF0IjoxNzA2ODEwODE2LCJqdGkiOiJiNWQ3MGNkNzYyZDk0NTg4YmZjYzc5ODg1NmQ2ODc3OCIsInVzZXJfaWQiOjE0fQ._EkF5KpT-GRYLZsjQJWcYhGwa2lmU6BuFrBg0UDQ9Mo	2024-02-01 19:06:56.976183+01	2024-02-02 19:06:56+01	14	b5d70cd762d94588bfcc798856d68778
76	eyJhbGciOiJIUzI1NiIsInR5cCI6IkpXVCJ9.eyJ0b2tlbl90eXBlIjoicmVmcmVzaCIsImV4cCI6MTcwNjg5NzY5NiwiaWF0IjoxNzA2ODExMjk2LCJqdGkiOiI0OGYyMTQyZWM3MTM0NmQ0YWI2MTVlNDg0YmQzMGVkZCIsInVzZXJfaWQiOjE0fQ.LVG3YSfaqAB5k_dyz-tqtJa-gP18QobnQHfFZpPaidE	2024-02-01 19:14:56.034446+01	2024-02-02 19:14:56+01	14	48f2142ec71346d4ab615e484bd30edd
77	eyJhbGciOiJIUzI1NiIsInR5cCI6IkpXVCJ9.eyJ0b2tlbl90eXBlIjoicmVmcmVzaCIsImV4cCI6MTcwNjg5ODE0NiwiaWF0IjoxNzA2ODExNzQ2LCJqdGkiOiIxOTU5MjhjOWQ0MzE0ZjI5ODg2NWM4ZGRmZjAyZTg1YSIsInVzZXJfaWQiOjE0fQ.mlpconobyefpXYawEioACUcfcmBscTxubvEP0mjsKpQ	2024-02-01 19:22:26.136872+01	2024-02-02 19:22:26+01	14	195928c9d4314f298865c8ddff02e85a
78	eyJhbGciOiJIUzI1NiIsInR5cCI6IkpXVCJ9.eyJ0b2tlbl90eXBlIjoicmVmcmVzaCIsImV4cCI6MTcwNjkwNDA2NywiaWF0IjoxNzA2ODE3NjY3LCJqdGkiOiIxZTY1ZTIzMWZlMDg0MWYyYmY3YWU5Mzc1YTFiODRhMiIsInVzZXJfaWQiOjE0fQ.XFN0nm-K37uVKWcnACfem2Z59xHcoXku4PXDVX5qq24	2024-02-01 21:01:07.859473+01	2024-02-02 21:01:07+01	14	1e65e231fe0841f2bf7ae9375a1b84a2
79	eyJhbGciOiJIUzI1NiIsInR5cCI6IkpXVCJ9.eyJ0b2tlbl90eXBlIjoicmVmcmVzaCIsImV4cCI6MTcwNjkwNDA3NCwiaWF0IjoxNzA2ODE3Njc0LCJqdGkiOiIwZDcwOThiOWYzYTM0MmE4YWUxY2RlNGFjNTAxY2I3YyIsInVzZXJfaWQiOjE3fQ.dslAct8YoTHz4EN5URVqpkpppbKDe7c8jNbynnWKqno	2024-02-01 21:01:14.479894+01	2024-02-02 21:01:14+01	17	0d7098b9f3a342a8ae1cde4ac501cb7c
83	eyJhbGciOiJIUzI1NiIsInR5cCI6IkpXVCJ9.eyJ0b2tlbl90eXBlIjoicmVmcmVzaCIsImV4cCI6MTcwNjkwNjA4NiwiaWF0IjoxNzA2ODE5Njg2LCJqdGkiOiI2OGM0NTVhYzIzMTc0YjQ5ODYwZTg2OWEwN2VjNmZhMCIsInVzZXJfaWQiOjE0fQ.wgcJ6-r5FKtFX1ImbVB-barAJlVGO99shVFKEFEcOf0	2024-02-01 21:34:46.597869+01	2024-02-02 21:34:46+01	14	68c455ac23174b49860e869a07ec6fa0
84	eyJhbGciOiJIUzI1NiIsInR5cCI6IkpXVCJ9.eyJ0b2tlbl90eXBlIjoicmVmcmVzaCIsImV4cCI6MTcwNjkwNjA5NCwiaWF0IjoxNzA2ODE5Njk0LCJqdGkiOiJiOTYwMTlmYTRjNTI0ZmEwODY5YTJhOTg2Zjk0NTk3NCIsInVzZXJfaWQiOjE3fQ.E4h4AGl8ooIoTCY7KmGRLirmLYTJT_OJM94gvhAqMTU	2024-02-01 21:34:54.419024+01	2024-02-02 21:34:54+01	17	b96019fa4c524fa0869a2a986f945974
26	eyJhbGciOiJIUzI1NiIsInR5cCI6IkpXVCJ9.eyJ0b2tlbl90eXBlIjoicmVmcmVzaCIsImV4cCI6MTcwMzE4MTIwNSwiaWF0IjoxNzAzMDk0ODA1LCJqdGkiOiJjODRmNmU1NGU0NjY0ODBmODhlNDMxMDZhMzIzZDczZCIsInVzZXJfaWQiOjh9.7XyBizHU-1mOCDI5oOL6dE4X5jNQ5TYbeBYNwPMApIY	2023-12-20 18:53:25.348735+01	2023-12-21 18:53:25+01	\N	c84f6e54e466480f88e43106a323d73d
80	eyJhbGciOiJIUzI1NiIsInR5cCI6IkpXVCJ9.eyJ0b2tlbl90eXBlIjoicmVmcmVzaCIsImV4cCI6MTcwNjkwNTk4MywiaWF0IjoxNzA2ODE5NTgzLCJqdGkiOiIzOTZkNWMxYmIyMjc0NmI0ODcwYTg0OTdmMjk1YjQyMCIsInVzZXJfaWQiOjh9.ZXBSzz7gqeY3AAe4o_4R5UxXP8GyYRYMBdA-vgT_0UE	2024-02-01 21:33:03.803066+01	2024-02-02 21:33:03+01	\N	396d5c1bb22746b4870a8497f295b420
81	eyJhbGciOiJIUzI1NiIsInR5cCI6IkpXVCJ9.eyJ0b2tlbl90eXBlIjoicmVmcmVzaCIsImV4cCI6MTcwNjkwNjAwMSwiaWF0IjoxNzA2ODE5NjAxLCJqdGkiOiIwNTk4ZWZlOWUwOTc0MThhOGJiM2ViMjRjNWNiZjI3ZCIsInVzZXJfaWQiOjh9.pNvLzx6Ms9k49eZnxnQxE0N_38vk5rIjKfijTBUDGNw	2024-02-01 21:33:21.900057+01	2024-02-02 21:33:21+01	\N	0598efe9e097418a8bb3eb24c5cbf27d
82	eyJhbGciOiJIUzI1NiIsInR5cCI6IkpXVCJ9.eyJ0b2tlbl90eXBlIjoicmVmcmVzaCIsImV4cCI6MTcwNjkwNjA2OSwiaWF0IjoxNzA2ODE5NjY5LCJqdGkiOiJhOTc1NmNhYWQ5MDg0MmZiYmZkMGRjMGMwZThkNzIxNSIsInVzZXJfaWQiOjh9.EVEDT7npmAQ_cKUZUyyORRKlTNUvxn_XsuLP_ed0jBc	2024-02-01 21:34:29.818871+01	2024-02-02 21:34:29+01	\N	a9756caad90842fbbfd0dc0c0e8d7215
85	eyJhbGciOiJIUzI1NiIsInR5cCI6IkpXVCJ9.eyJ0b2tlbl90eXBlIjoicmVmcmVzaCIsImV4cCI6MTcwNjkwNjEwNSwiaWF0IjoxNzA2ODE5NzA1LCJqdGkiOiJmYjg3M2VmNWUzNzM0NzU2ODY1YmMxMmEwMmI3ZTYwNiIsInVzZXJfaWQiOjh9.1nPcDlo9baxAPlQIz8fE3K4PoXnUwXS66B5rd_sxIZc	2024-02-01 21:35:05.769444+01	2024-02-02 21:35:05+01	\N	fb873ef5e3734756865bc12a02b7e606
86	eyJhbGciOiJIUzI1NiIsInR5cCI6IkpXVCJ9.eyJ0b2tlbl90eXBlIjoicmVmcmVzaCIsImV4cCI6MTcwNjkwNjE3NSwiaWF0IjoxNzA2ODE5Nzc1LCJqdGkiOiJjZWIyNGJhOTExZGU0ZmM2YWVkYzkxYmIwMGNiZmY4OCIsInVzZXJfaWQiOjE5fQ.5igif73CozMVxkWPHUSQaiZwN4bv_864Fjs0fqKNjBw	2024-02-01 21:36:15.29553+01	2024-02-02 21:36:15+01	19	ceb24ba911de4fc6aedc91bb00cbff88
87	eyJhbGciOiJIUzI1NiIsInR5cCI6IkpXVCJ9.eyJ0b2tlbl90eXBlIjoicmVmcmVzaCIsImV4cCI6MTcwNjkwNjIyNSwiaWF0IjoxNzA2ODE5ODI1LCJqdGkiOiI2MDlmOWQ1NDk4ZGQ0YTNjOTg4YzAzYWNlMmVmYWJjNiIsInVzZXJfaWQiOjE0fQ.VzovLR4yd9czV8DUUGd9kuhb9d75Vv49TsQNwXHA68o	2024-02-01 21:37:05.424986+01	2024-02-02 21:37:05+01	14	609f9d5498dd4a3c988c03ace2efabc6
88	eyJhbGciOiJIUzI1NiIsInR5cCI6IkpXVCJ9.eyJ0b2tlbl90eXBlIjoicmVmcmVzaCIsImV4cCI6MTcwNjkwNjM0NCwiaWF0IjoxNzA2ODE5OTQ0LCJqdGkiOiI4MjkxZTc4OTI0ODc0YWY0OWY2NDdiYTQ4NzM5OTZiZiIsInVzZXJfaWQiOjE0fQ.lMlFWnc9JoS-FQC4iIfsfq-n41D7PwVLsUo8Yultmq0	2024-02-01 21:39:04.104275+01	2024-02-02 21:39:04+01	14	8291e78924874af49f647ba4873996bf
89	eyJhbGciOiJIUzI1NiIsInR5cCI6IkpXVCJ9.eyJ0b2tlbl90eXBlIjoicmVmcmVzaCIsImV4cCI6MTcwNjkwNjcyNSwiaWF0IjoxNzA2ODIwMzI1LCJqdGkiOiI2MGY1ZWI5ZWNlYTY0ODcwODRlMTFkNjFjZWQzMDBiNiIsInVzZXJfaWQiOjE0fQ.piTJ14pT31B_ETgm8jjqvnB2LE6QUM8DFl8DxZZ6RUk	2024-02-01 21:45:25.340498+01	2024-02-02 21:45:25+01	14	60f5eb9ecea6487084e11d61ced300b6
90	eyJhbGciOiJIUzI1NiIsInR5cCI6IkpXVCJ9.eyJ0b2tlbl90eXBlIjoicmVmcmVzaCIsImV4cCI6MTcwNjkwODQzNiwiaWF0IjoxNzA2ODIyMDM2LCJqdGkiOiI0ZGNhZjY3NGY4NjY0ZmQ3OTlkZWUwYjViNzkxMTgxMyIsInVzZXJfaWQiOjE0fQ.ztcZsYCn9Hu3-jfTh-MUdepeVPhOrOJ-0PpUrIWnIAU	2024-02-01 22:13:56.922747+01	2024-02-02 22:13:56+01	14	4dcaf674f8664fd799dee0b5b7911813
91	eyJhbGciOiJIUzI1NiIsInR5cCI6IkpXVCJ9.eyJ0b2tlbl90eXBlIjoicmVmcmVzaCIsImV4cCI6MTcwNjkwODQ1OCwiaWF0IjoxNzA2ODIyMDU4LCJqdGkiOiIwNDJhNDFlZWU2ZDE0NmU5YjZiMzIzYWE3Y2IyMDY4NyIsInVzZXJfaWQiOjE0fQ.xmsaAaxCCb0pe5tVDwEIB77udsP6UcQEZFmFlsaz8Aw	2024-02-01 22:14:18.090733+01	2024-02-02 22:14:18+01	14	042a41eee6d146e9b6b323aa7cb20687
92	eyJhbGciOiJIUzI1NiIsInR5cCI6IkpXVCJ9.eyJ0b2tlbl90eXBlIjoicmVmcmVzaCIsImV4cCI6MTcwNjkwODQ1OCwiaWF0IjoxNzA2ODIyMDU4LCJqdGkiOiI5ZDMyMTlmNTVjZTI0YWQwODk0MGVkNTRhNGE3NjJlNSIsInVzZXJfaWQiOjE0fQ.-6HKWXlPE88R1zA4-eQFphR7i37CZTIP6hZQtFEKIsY	2024-02-01 22:14:18.29669+01	2024-02-02 22:14:18+01	14	9d3219f55ce24ad08940ed54a4a762e5
93	eyJhbGciOiJIUzI1NiIsInR5cCI6IkpXVCJ9.eyJ0b2tlbl90eXBlIjoicmVmcmVzaCIsImV4cCI6MTcwNjkxMDk2NywiaWF0IjoxNzA2ODI0NTY3LCJqdGkiOiI0ZDI2NzEwODYyZjE0ZjE5YWY1YzIyMzdjYjJmYTkxYyIsInVzZXJfaWQiOjE0fQ.RXXuio-vHq8HKJ_28kxPfsUb2ND0zfMb9siLsQJ3asY	2024-02-01 22:56:07.628733+01	2024-02-02 22:56:07+01	14	4d26710862f14f19af5c2237cb2fa91c
94	eyJhbGciOiJIUzI1NiIsInR5cCI6IkpXVCJ9.eyJ0b2tlbl90eXBlIjoicmVmcmVzaCIsImV4cCI6MTcwNjkxMTAzMCwiaWF0IjoxNzA2ODI0NjMwLCJqdGkiOiIzOWViNDJjMTZhMTc0ZWU5OWFhNjlmYzRiODAxYjUyOCIsInVzZXJfaWQiOjE3fQ.LDeBrpSjD3lamki0lB9pIaOXmt-H52vd9igFYTZjEGE	2024-02-01 22:57:10.530426+01	2024-02-02 22:57:10+01	17	39eb42c16a174ee99aa69fc4b801b528
95	eyJhbGciOiJIUzI1NiIsInR5cCI6IkpXVCJ9.eyJ0b2tlbl90eXBlIjoicmVmcmVzaCIsImV4cCI6MTcwNjkxMTA0MSwiaWF0IjoxNzA2ODI0NjQxLCJqdGkiOiIwNDU4OWIzZWNlOTI0ODYyOGQxOTNiNmRiNTkyODJhNSIsInVzZXJfaWQiOjE3fQ.xS0jxzPTl2Kv5a_T6Ggr8gmUPuXam34kXimNgpp0PD0	2024-02-01 22:57:21.359395+01	2024-02-02 22:57:21+01	17	04589b3ece9248628d193b6db59282a5
96	eyJhbGciOiJIUzI1NiIsInR5cCI6IkpXVCJ9.eyJ0b2tlbl90eXBlIjoicmVmcmVzaCIsImV4cCI6MTcwNjkxMjQ0MSwiaWF0IjoxNzA2ODI2MDQxLCJqdGkiOiJhMTU2YzZmZWY1NzI0NWVmYmI5Yzg1NmZmNzE1NmQzYSIsInVzZXJfaWQiOjE3fQ.AxsOCs_VEcJ6w44UBbcwEwZod2QX7Su4jyxppok566Y	2024-02-01 23:20:41.350368+01	2024-02-02 23:20:41+01	17	a156c6fef57245efbb9c856ff7156d3a
97	eyJhbGciOiJIUzI1NiIsInR5cCI6IkpXVCJ9.eyJ0b2tlbl90eXBlIjoicmVmcmVzaCIsImV4cCI6MTcwNjkxMzY1MSwiaWF0IjoxNzA2ODI3MjUxLCJqdGkiOiI3ZjcyNzQ4NzMyNjY0ZjMzODczOTlkMmI2Yzk0MTc4YSIsInVzZXJfaWQiOjE3fQ.KSwKuIQiM8a3Q_NNh2D-M_NoSgR3oqjZpfZ6N6B9Ssc	2024-02-01 23:40:51.227725+01	2024-02-02 23:40:51+01	17	7f72748732664f3387399d2b6c94178a
98	eyJhbGciOiJIUzI1NiIsInR5cCI6IkpXVCJ9.eyJ0b2tlbl90eXBlIjoicmVmcmVzaCIsImV4cCI6MTcwNjkxNTAwMCwiaWF0IjoxNzA2ODI4NjAwLCJqdGkiOiJkNDhlODM3NDU1ZDE0MzQ3OTEwZWVlZTYzZmQ1MDZkZCIsInVzZXJfaWQiOjE3fQ.j0ALlhBVUmFV0Y_HCj-riESZnYXOswXqzoltwoqJyXE	2024-02-02 00:03:20.972063+01	2024-02-03 00:03:20+01	17	d48e837455d14347910eeee63fd506dd
99	eyJhbGciOiJIUzI1NiIsInR5cCI6IkpXVCJ9.eyJ0b2tlbl90eXBlIjoicmVmcmVzaCIsImV4cCI6MTcwNjkxNTYzNiwiaWF0IjoxNzA2ODI5MjM2LCJqdGkiOiJkMjMwNWViZjVkMjE0MWZiYmIxZGFmNzEzYjVlNjM5YSIsInVzZXJfaWQiOjE3fQ.3v0tt0V43Nm4-zcN0LVA2hGzI-tCkYdEE2OEmhFZUl0	2024-02-02 00:13:56.997412+01	2024-02-03 00:13:56+01	17	d2305ebf5d2141fbbb1daf713b5e639a
100	eyJhbGciOiJIUzI1NiIsInR5cCI6IkpXVCJ9.eyJ0b2tlbl90eXBlIjoicmVmcmVzaCIsImV4cCI6MTcwNjkxNjc3OSwiaWF0IjoxNzA2ODMwMzc5LCJqdGkiOiJmZDhkMWYyZGQ2MTQ0NjJiYTI0NGI3NzQ5YmI3MTEyNCIsInVzZXJfaWQiOjE3fQ.On-EazyuDjmI4nRgxK9joqPtz1nV5brjG1PrBsI2T1Y	2024-02-02 00:32:59.170059+01	2024-02-03 00:32:59+01	17	fd8d1f2dd614462ba244b7749bb71124
101	eyJhbGciOiJIUzI1NiIsInR5cCI6IkpXVCJ9.eyJ0b2tlbl90eXBlIjoicmVmcmVzaCIsImV4cCI6MTcwNjkxNjgyMiwiaWF0IjoxNzA2ODMwNDIyLCJqdGkiOiIxZWUyN2Q0YzU1Y2Y0ODA0OTU1NjBjZmQwYWY1ZTEyMSIsInVzZXJfaWQiOjE3fQ.DCYRK7ilFFyhafIBTwTy8pGbqwFD5LvoH5W-Xe5XbKs	2024-02-02 00:33:42.439797+01	2024-02-03 00:33:42+01	17	1ee27d4c55cf480495560cfd0af5e121
102	eyJhbGciOiJIUzI1NiIsInR5cCI6IkpXVCJ9.eyJ0b2tlbl90eXBlIjoicmVmcmVzaCIsImV4cCI6MTcwNjkxNzAxMSwiaWF0IjoxNzA2ODMwNjExLCJqdGkiOiJhNDU3NGU4YjNmNzE0NmIzOWZkZmJiMTljNzBmMzcyMCIsInVzZXJfaWQiOjE0fQ.rPxPbHCAKNrtXfcDCmebNk0MqjpbCUafYDOMvWDNNc0	2024-02-02 00:36:51.096435+01	2024-02-03 00:36:51+01	14	a4574e8b3f7146b39fdfbb19c70f3720
103	eyJhbGciOiJIUzI1NiIsInR5cCI6IkpXVCJ9.eyJ0b2tlbl90eXBlIjoicmVmcmVzaCIsImV4cCI6MTcwNjkxODEzOSwiaWF0IjoxNzA2ODMxNzM5LCJqdGkiOiJjNzE0ODRlMDFmMzQ0YmE2YjlkMGYyMWUwY2VhMDcyNyIsInVzZXJfaWQiOjE0fQ.lVNxclZhiIfhDHmILDWrZ2-3WMXWUvlI9ARwoTHw2UI	2024-02-02 00:55:39.241776+01	2024-02-03 00:55:39+01	14	c71484e01f344ba6b9d0f21e0cea0727
104	eyJhbGciOiJIUzI1NiIsInR5cCI6IkpXVCJ9.eyJ0b2tlbl90eXBlIjoicmVmcmVzaCIsImV4cCI6MTcwNjkxOTc1OSwiaWF0IjoxNzA2ODMzMzU5LCJqdGkiOiIzYmQ1ZDhjOWRkZGY0YzY3OTRmNWMxZGY3YTA2NzQ1ZCIsInVzZXJfaWQiOjE0fQ.2gAetMjhqylZ1l9lTj9shUoTnuzr2IYPHNs2FbcdzI4	2024-02-02 01:22:39.920973+01	2024-02-03 01:22:39+01	14	3bd5d8c9dddf4c6794f5c1df7a06745d
105	eyJhbGciOiJIUzI1NiIsInR5cCI6IkpXVCJ9.eyJ0b2tlbl90eXBlIjoicmVmcmVzaCIsImV4cCI6MTcwNjkyMDQ5NywiaWF0IjoxNzA2ODM0MDk3LCJqdGkiOiJhMGY4Yjc2OWEzZWM0MWIxYjRmNDk3NDFiOTJmN2E3OCIsInVzZXJfaWQiOjE0fQ.cuC29w80ex5LYJG3a9KmvVuspUpWuo3hCc_t5QsoRK8	2024-02-02 01:34:57.800353+01	2024-02-03 01:34:57+01	14	a0f8b769a3ec41b1b4f49741b92f7a78
106	eyJhbGciOiJIUzI1NiIsInR5cCI6IkpXVCJ9.eyJ0b2tlbl90eXBlIjoicmVmcmVzaCIsImV4cCI6MTcwNjkyMDg0NSwiaWF0IjoxNzA2ODM0NDQ1LCJqdGkiOiJlM2ZkYTI4NWY2MTk0YzY4Yjk1Yzg2ZWFlMmQ2NjE4MiIsInVzZXJfaWQiOjE0fQ.vRupnptdcLV3nZ-uEiOJXg6VFcCRkA3o7KFJUQbeKlM	2024-02-02 01:40:45.489566+01	2024-02-03 01:40:45+01	14	e3fda285f6194c68b95c86eae2d66182
107	eyJhbGciOiJIUzI1NiIsInR5cCI6IkpXVCJ9.eyJ0b2tlbl90eXBlIjoicmVmcmVzaCIsImV4cCI6MTcwNjkyMTY5MSwiaWF0IjoxNzA2ODM1MjkxLCJqdGkiOiIwZDk4MmNiNWY4ZWQ0Mjg3ODM3MjY2ZDc5ZDQzNjk4YyIsInVzZXJfaWQiOjE0fQ.WBncyFjXN1j84GVZbyHcKG-0Mp7jNatS0sOFpWmXxgg	2024-02-02 01:54:51.298731+01	2024-02-03 01:54:51+01	14	0d982cb5f8ed4287837266d79d43698c
108	eyJhbGciOiJIUzI1NiIsInR5cCI6IkpXVCJ9.eyJ0b2tlbl90eXBlIjoicmVmcmVzaCIsImV4cCI6MTcwNjkyMjIyMywiaWF0IjoxNzA2ODM1ODIzLCJqdGkiOiIxYmM4MDQzNjE2N2I0NTAyOGVlYmYzZDk0ZTM0MmIzZCIsInVzZXJfaWQiOjE0fQ.CVf_K9fsWv3ZU_iHSqU6KwsHnwz0ZEViw-uOYOYMCwM	2024-02-02 02:03:43.976617+01	2024-02-03 02:03:43+01	14	1bc80436167b45028eebf3d94e342b3d
109	eyJhbGciOiJIUzI1NiIsInR5cCI6IkpXVCJ9.eyJ0b2tlbl90eXBlIjoicmVmcmVzaCIsImV4cCI6MTcwNjkyMzA0MywiaWF0IjoxNzA2ODM2NjQzLCJqdGkiOiIyMWViYzdlYTAyNWM0ZDQ5ODgxYzdkZjJhODM1MmQyMyIsInVzZXJfaWQiOjE0fQ.lb8eAlzlmSCXMo4KWslJAkC7VkqETuQWEH9SM0a5qjA	2024-02-02 02:17:23.326007+01	2024-02-03 02:17:23+01	14	21ebc7ea025c4d49881c7df2a8352d23
110	eyJhbGciOiJIUzI1NiIsInR5cCI6IkpXVCJ9.eyJ0b2tlbl90eXBlIjoicmVmcmVzaCIsImV4cCI6MTcwNjkyNDA2NywiaWF0IjoxNzA2ODM3NjY3LCJqdGkiOiJlZDgwOGE0YjMzYzU0MGRlYTM4ZDI3ZTdlNGJmNmI1MSIsInVzZXJfaWQiOjE0fQ.RvhTCXOioXU-DhF4Ef0nAQZG9SLNmcFc_MT0RKRNaow	2024-02-02 02:34:27.975683+01	2024-02-03 02:34:27+01	14	ed808a4b33c540dea38d27e7e4bf6b51
111	eyJhbGciOiJIUzI1NiIsInR5cCI6IkpXVCJ9.eyJ0b2tlbl90eXBlIjoicmVmcmVzaCIsImV4cCI6MTcwNjkyNDc2NSwiaWF0IjoxNzA2ODM4MzY1LCJqdGkiOiI0MWU1NzIzN2I1NWQ0OTlmODQ2NzNiMmE2OWI4MWY1YyIsInVzZXJfaWQiOjE0fQ.8CaGK7n_qxLdYXlFrUeyxNlZ4SV-_lBQGl41XILu1DU	2024-02-02 02:46:05.342423+01	2024-02-03 02:46:05+01	14	41e57237b55d499f84673b2a69b81f5c
112	eyJhbGciOiJIUzI1NiIsInR5cCI6IkpXVCJ9.eyJ0b2tlbl90eXBlIjoicmVmcmVzaCIsImV4cCI6MTcwNjkyNTQ1MCwiaWF0IjoxNzA2ODM5MDUwLCJqdGkiOiI2YmYyNTZkMDAwNGM0Mzg5OGY5Y2FmNTcyOGFhN2Y0OCIsInVzZXJfaWQiOjE0fQ.PL7Tscd1_-6Mq2o-fqOyLqfX2amznYTDTZa1sR5ISIE	2024-02-02 02:57:30.490174+01	2024-02-03 02:57:30+01	14	6bf256d0004c43898f9caf5728aa7f48
113	eyJhbGciOiJIUzI1NiIsInR5cCI6IkpXVCJ9.eyJ0b2tlbl90eXBlIjoicmVmcmVzaCIsImV4cCI6MTcwNjkyNzQxMiwiaWF0IjoxNzA2ODQxMDEyLCJqdGkiOiJjODEwODUzNGVjNjQ0MjBiOWM4MjRhOGZlMGY3NmRkMyIsInVzZXJfaWQiOjE0fQ.sCLgwK9LGfMYo_6QmHViOEi-1cIGyvLgjALFSreCVTc	2024-02-02 03:30:12.191461+01	2024-02-03 03:30:12+01	14	c8108534ec64420b9c824a8fe0f76dd3
114	eyJhbGciOiJIUzI1NiIsInR5cCI6IkpXVCJ9.eyJ0b2tlbl90eXBlIjoicmVmcmVzaCIsImV4cCI6MTcwNjkyOTgzMiwiaWF0IjoxNzA2ODQzNDMyLCJqdGkiOiJhMGM4YzU5YmM5MGI0Y2E0OWFjZWZmODBlZTViZGY2ZiIsInVzZXJfaWQiOjE0fQ.thBkAKT1s9XxhHtwTGYS5k9sgxQyt1XpJePoGroYPXM	2024-02-02 04:10:32.206206+01	2024-02-03 04:10:32+01	14	a0c8c59bc90b4ca49aceff80ee5bdf6f
115	eyJhbGciOiJIUzI1NiIsInR5cCI6IkpXVCJ9.eyJ0b2tlbl90eXBlIjoicmVmcmVzaCIsImV4cCI6MTcwNjkzMDYxMSwiaWF0IjoxNzA2ODQ0MjExLCJqdGkiOiIxMmU5MjNhN2FhYmE0YTkwYWI1NjY4YjRmN2NkYjc4NSIsInVzZXJfaWQiOjE0fQ.Y1JXRQX60w3nFUOvCCuxfvz1gpYbtkzcAajficaqZ7U	2024-02-02 04:23:31.738163+01	2024-02-03 04:23:31+01	14	12e923a7aaba4a90ab5668b4f7cdb785
116	eyJhbGciOiJIUzI1NiIsInR5cCI6IkpXVCJ9.eyJ0b2tlbl90eXBlIjoicmVmcmVzaCIsImV4cCI6MTcwNjkzMDg5NiwiaWF0IjoxNzA2ODQ0NDk2LCJqdGkiOiJkMzA4N2I2ZjJiZGI0Mjk4ODMxYWYzZWE2YjYyYjI5YiIsInVzZXJfaWQiOjE0fQ.DCGiS1HivehR50U31l84y8jsD-hHhILTyHx3WnC7q-Y	2024-02-02 04:28:16.288088+01	2024-02-03 04:28:16+01	14	d3087b6f2bdb4298831af3ea6b62b29b
117	eyJhbGciOiJIUzI1NiIsInR5cCI6IkpXVCJ9.eyJ0b2tlbl90eXBlIjoicmVmcmVzaCIsImV4cCI6MTcwNjkzMTYzNywiaWF0IjoxNzA2ODQ1MjM3LCJqdGkiOiIxODU0ZmNiOWZjMTE0MGJmYjUxY2YyMzg1ZjQ4ZTBlZCIsInVzZXJfaWQiOjE0fQ.7hX6QuDHTubGFgv5qXN0Z2kZgfJpZq_fIatjZC0fq2Y	2024-02-02 04:40:37.13621+01	2024-02-03 04:40:37+01	14	1854fcb9fc1140bfb51cf2385f48e0ed
118	eyJhbGciOiJIUzI1NiIsInR5cCI6IkpXVCJ9.eyJ0b2tlbl90eXBlIjoicmVmcmVzaCIsImV4cCI6MTcwNjkzMjY3NywiaWF0IjoxNzA2ODQ2Mjc3LCJqdGkiOiJlOTYzYjJkMmU1YWE0Nzg3YWY5MWI3M2JkY2U2OGYxZiIsInVzZXJfaWQiOjE0fQ.KA1AFHUf8AKDdNUSb3K0rgo1noyL8qSZHZ9KGM_xsVI	2024-02-02 04:57:57.683249+01	2024-02-03 04:57:57+01	14	e963b2d2e5aa4787af91b73bdce68f1f
119	eyJhbGciOiJIUzI1NiIsInR5cCI6IkpXVCJ9.eyJ0b2tlbl90eXBlIjoicmVmcmVzaCIsImV4cCI6MTcwNjkzMjgxMiwiaWF0IjoxNzA2ODQ2NDEyLCJqdGkiOiIzMDUwYTU5M2U0Yzg0ZjRhOWJhYzczMjc5MTNhODc5NiIsInVzZXJfaWQiOjE0fQ.IlmzV4nWxhfzXqlw483KSmBUfnYBE-LCLLJMtCFuXQo	2024-02-02 05:00:12.90453+01	2024-02-03 05:00:12+01	14	3050a593e4c84f4a9bac7327913a8796
120	eyJhbGciOiJIUzI1NiIsInR5cCI6IkpXVCJ9.eyJ0b2tlbl90eXBlIjoicmVmcmVzaCIsImV4cCI6MTcwNjkzMzU3MywiaWF0IjoxNzA2ODQ3MTczLCJqdGkiOiI4MmRlNmRhMTZjNzM0YmRjOThjOGY2NTkyMmQ2MTQ4NCIsInVzZXJfaWQiOjE0fQ.XVRZGtmCIbLCgtSCaH2_kfL0MIe8L_b4KruWiViWx9g	2024-02-02 05:12:53.389689+01	2024-02-03 05:12:53+01	14	82de6da16c734bdc98c8f65922d61484
121	eyJhbGciOiJIUzI1NiIsInR5cCI6IkpXVCJ9.eyJ0b2tlbl90eXBlIjoicmVmcmVzaCIsImV4cCI6MTcwNjkzNDY3OSwiaWF0IjoxNzA2ODQ4Mjc5LCJqdGkiOiJmMmM3NWQwOWY4NGE0NmNkODNiMzc1NjQ0ZWY5NjYwNCIsInVzZXJfaWQiOjE0fQ.M3h7NlQzqGaHh8-pBZyAIhD-19x2ZRE1i9bezrbqPAc	2024-02-02 05:31:19.996032+01	2024-02-03 05:31:19+01	14	f2c75d09f84a46cd83b375644ef96604
122	eyJhbGciOiJIUzI1NiIsInR5cCI6IkpXVCJ9.eyJ0b2tlbl90eXBlIjoicmVmcmVzaCIsImV4cCI6MTcwNjkzNTU0NywiaWF0IjoxNzA2ODQ5MTQ3LCJqdGkiOiIzODg0OTZmZTRhMjk0ZTBjYjRmNWVhZTA0MDg4NTg2YyIsInVzZXJfaWQiOjE0fQ.Tn8M0hhcaoY4OJ7EL1llMOh1JkD9ALI-lyTh_c6R7EQ	2024-02-02 05:45:47.094433+01	2024-02-03 05:45:47+01	14	388496fe4a294e0cb4f5eae04088586c
123	eyJhbGciOiJIUzI1NiIsInR5cCI6IkpXVCJ9.eyJ0b2tlbl90eXBlIjoicmVmcmVzaCIsImV4cCI6MTcwNjkzNjU0NCwiaWF0IjoxNzA2ODUwMTQ0LCJqdGkiOiJlNGExZDk1MmY4MGE0MGRlYTcxOTMyODMyZWQ3NzZjNCIsInVzZXJfaWQiOjE0fQ.Hbf3X8tTmck1B5BQGjOewIcqZpUWF-cx0DSTnkAympQ	2024-02-02 06:02:24.551554+01	2024-02-03 06:02:24+01	14	e4a1d952f80a40dea71932832ed776c4
124	eyJhbGciOiJIUzI1NiIsInR5cCI6IkpXVCJ9.eyJ0b2tlbl90eXBlIjoicmVmcmVzaCIsImV4cCI6MTcwNjkzNzIyMywiaWF0IjoxNzA2ODUwODIzLCJqdGkiOiI5N2MyZjc3NzY2ZmY0ZTZhYjI2NGEyYWIzZGNjNjJmNCIsInVzZXJfaWQiOjE0fQ.W9ERcPEJ4lQfrLwQO_uBrmj-WCfF4_pPyDkRFT_YkVM	2024-02-02 06:13:43.291962+01	2024-02-03 06:13:43+01	14	97c2f77766ff4e6ab264a2ab3dcc62f4
125	eyJhbGciOiJIUzI1NiIsInR5cCI6IkpXVCJ9.eyJ0b2tlbl90eXBlIjoicmVmcmVzaCIsImV4cCI6MTcwNjkzNzY3OCwiaWF0IjoxNzA2ODUxMjc4LCJqdGkiOiI0MmQyOTljMTdkNTg0OTVhOGIwNGRiM2NiM2JiZTFjOSIsInVzZXJfaWQiOjE0fQ.4CClrb3sBtFV7DWyp0ubZMouFjoL0TLcA7mkJKD27SA	2024-02-02 06:21:18.225867+01	2024-02-03 06:21:18+01	14	42d299c17d58495a8b04db3cb3bbe1c9
126	eyJhbGciOiJIUzI1NiIsInR5cCI6IkpXVCJ9.eyJ0b2tlbl90eXBlIjoicmVmcmVzaCIsImV4cCI6MTcwNjkzODQxOCwiaWF0IjoxNzA2ODUyMDE4LCJqdGkiOiI3MTBiMmIzZDNlMzA0ODg1ODQxMDcyZmExNDljYmZiMCIsInVzZXJfaWQiOjE0fQ.idPB6e5e3QmEeAFdquLYYoZnWnsVl6ds_8UFEl0L3Xc	2024-02-02 06:33:38.984161+01	2024-02-03 06:33:38+01	14	710b2b3d3e304885841072fa149cbfb0
127	eyJhbGciOiJIUzI1NiIsInR5cCI6IkpXVCJ9.eyJ0b2tlbl90eXBlIjoicmVmcmVzaCIsImV4cCI6MTcwNjkzOTA3NCwiaWF0IjoxNzA2ODUyNjc0LCJqdGkiOiI4NTkwZDAxYTU3ZGY0YTkxYmQwMTZlMzY3MmZhYWI3NyIsInVzZXJfaWQiOjE0fQ.3V7QdDvVFkBhWxt1S_jdcP-p6ZWBNQueFyGc5HqxaEw	2024-02-02 06:44:34.455608+01	2024-02-03 06:44:34+01	14	8590d01a57df4a91bd016e3672faab77
128	eyJhbGciOiJIUzI1NiIsInR5cCI6IkpXVCJ9.eyJ0b2tlbl90eXBlIjoicmVmcmVzaCIsImV4cCI6MTcwNjk0MDIyMywiaWF0IjoxNzA2ODUzODIzLCJqdGkiOiI1MGY2MWFjNmQwYmQ0YTUxYmU3ODMzMDYxYzg2YmY2MCIsInVzZXJfaWQiOjE0fQ.BQnoWk6yGp04gtmjoq0vC1jUaBxlO22GV7L3dk8ljLk	2024-02-02 07:03:43.074579+01	2024-02-03 07:03:43+01	14	50f61ac6d0bd4a51be7833061c86bf60
129	eyJhbGciOiJIUzI1NiIsInR5cCI6IkpXVCJ9.eyJ0b2tlbl90eXBlIjoicmVmcmVzaCIsImV4cCI6MTcwNjk0MTEwNSwiaWF0IjoxNzA2ODU0NzA1LCJqdGkiOiI5NzFjYjYyYzM5MzI0NjRiOTVkOTNhODRkMWE4ZDBjMSIsInVzZXJfaWQiOjE0fQ.EJYXx96tCeYmnX8c4yOE47AuijMA2CRVPczw8tYcAd0	2024-02-02 07:18:25.186891+01	2024-02-03 07:18:25+01	14	971cb62c3932464b95d93a84d1a8d0c1
130	eyJhbGciOiJIUzI1NiIsInR5cCI6IkpXVCJ9.eyJ0b2tlbl90eXBlIjoicmVmcmVzaCIsImV4cCI6MTcwNjk0MjI0MywiaWF0IjoxNzA2ODU1ODQzLCJqdGkiOiIzZTk2OTY5NDk3ZmQ0OTg0YTg3NjUzNDM3MmQ4ODA4ZCIsInVzZXJfaWQiOjE0fQ.Jfo9wiGGAGU1ZHVr3AFQUOXm3rCjh28XdzGXZej5yRw	2024-02-02 07:37:23.929198+01	2024-02-03 07:37:23+01	14	3e96969497fd4984a876534372d8808d
131	eyJhbGciOiJIUzI1NiIsInR5cCI6IkpXVCJ9.eyJ0b2tlbl90eXBlIjoicmVmcmVzaCIsImV4cCI6MTcwNjk0MzAwNCwiaWF0IjoxNzA2ODU2NjA0LCJqdGkiOiIwNzg0YzJmOWFiOWU0YjVlOGVmYzZhMmUwOTVmMzUyYyIsInVzZXJfaWQiOjE0fQ.sg14bVLxl83tjNl2D9mBY-ilBMueeb3B6JID_0W0ydo	2024-02-02 07:50:04.804214+01	2024-02-03 07:50:04+01	14	0784c2f9ab9e4b5e8efc6a2e095f352c
132	eyJhbGciOiJIUzI1NiIsInR5cCI6IkpXVCJ9.eyJ0b2tlbl90eXBlIjoicmVmcmVzaCIsImV4cCI6MTcwNjk0MzU0MCwiaWF0IjoxNzA2ODU3MTQwLCJqdGkiOiI3NTk1MzI5ZTBhOWQ0MGU2YTA5MmU0MTE3MWUwMjA5OCIsInVzZXJfaWQiOjE0fQ.Ft6IJQK9yp_G6FL08lED3b1vHoJPq0dtS_LKGTJDWIw	2024-02-02 07:59:00.47511+01	2024-02-03 07:59:00+01	14	7595329e0a9d40e6a092e41171e02098
133	eyJhbGciOiJIUzI1NiIsInR5cCI6IkpXVCJ9.eyJ0b2tlbl90eXBlIjoicmVmcmVzaCIsImV4cCI6MTcwNjk0ODIwMywiaWF0IjoxNzA2ODYxODAzLCJqdGkiOiI3NTIzZWVjNTY3ODM0OTEwOTExY2VlNmQxNmE4Mzk4NyIsInVzZXJfaWQiOjE0fQ.4ndXueDVA7FAF46sd_SMDkqGxuREfw_MKD7hqZ8iXbY	2024-02-02 09:16:43.507+01	2024-02-03 09:16:43+01	14	7523eec567834910911cee6d16a83987
134	eyJhbGciOiJIUzI1NiIsInR5cCI6IkpXVCJ9.eyJ0b2tlbl90eXBlIjoicmVmcmVzaCIsImV4cCI6MTcwNjk0ODQwMiwiaWF0IjoxNzA2ODYyMDAyLCJqdGkiOiJlZDU1YWJmYWVkODM0ZWIxOWZlMTgyMzRmOTVmYzNmZSIsInVzZXJfaWQiOjE0fQ.a8VLeZwUMZfpShgVWZbdoVx78X63lNxv7ATrj7e4o_w	2024-02-02 09:20:02.511117+01	2024-02-03 09:20:02+01	14	ed55abfaed834eb19fe18234f95fc3fe
135	eyJhbGciOiJIUzI1NiIsInR5cCI6IkpXVCJ9.eyJ0b2tlbl90eXBlIjoicmVmcmVzaCIsImV4cCI6MTcwNjk0ODQ1MSwiaWF0IjoxNzA2ODYyMDUxLCJqdGkiOiJkM2UxNWJiYmNkMTA0NGExODFlODdmMTUzMjlmYWM0OSIsInVzZXJfaWQiOjE0fQ.A8jgMKZIaQU9NNwngnw26L9zqBhHBKblnfb5l8ZNneA	2024-02-02 09:20:51.596966+01	2024-02-03 09:20:51+01	14	d3e15bbbcd1044a181e87f15329fac49
136	eyJhbGciOiJIUzI1NiIsInR5cCI6IkpXVCJ9.eyJ0b2tlbl90eXBlIjoicmVmcmVzaCIsImV4cCI6MTcwNjk0OTA0MCwiaWF0IjoxNzA2ODYyNjQwLCJqdGkiOiJmZDRkM2YyYWJlOTE0ZDY0YTRjMGVkM2IwMDYzMjIzOSIsInVzZXJfaWQiOjE0fQ.Eu7oqmCaPSjoqlZZF4P1X72cHgJgWpzutrqR7Pgv18g	2024-02-02 09:30:40.101617+01	2024-02-03 09:30:40+01	14	fd4d3f2abe914d64a4c0ed3b00632239
137	eyJhbGciOiJIUzI1NiIsInR5cCI6IkpXVCJ9.eyJ0b2tlbl90eXBlIjoicmVmcmVzaCIsImV4cCI6MTcwNjk0OTIzOCwiaWF0IjoxNzA2ODYyODM4LCJqdGkiOiJkZWRkMGViNjExOTU0NTA0OThkMmRlNmE1NGQ5YzBkNCIsInVzZXJfaWQiOjE0fQ.vpPQRbrvoQK478lWp-zOsAAdFf3k5tO1uo7DxN7wEwU	2024-02-02 09:33:58.057851+01	2024-02-03 09:33:58+01	14	dedd0eb61195450498d2de6a54d9c0d4
138	eyJhbGciOiJIUzI1NiIsInR5cCI6IkpXVCJ9.eyJ0b2tlbl90eXBlIjoicmVmcmVzaCIsImV4cCI6MTcwNjk1MDAzMSwiaWF0IjoxNzA2ODYzNjMxLCJqdGkiOiIxOGU0MzFhZTZlMTI0ZDNhOWViMTA2MTFhNWJkODQzNSIsInVzZXJfaWQiOjE0fQ.UPEKAnR4hBneyNGOF4CkVv4NcQ2hoDTc5W0Xn6wdXQU	2024-02-02 09:47:11.915293+01	2024-02-03 09:47:11+01	14	18e431ae6e124d3a9eb10611a5bd8435
139	eyJhbGciOiJIUzI1NiIsInR5cCI6IkpXVCJ9.eyJ0b2tlbl90eXBlIjoicmVmcmVzaCIsImV4cCI6MTcwNjk1MTQ1MywiaWF0IjoxNzA2ODY1MDUzLCJqdGkiOiI0ZmQwMWIyNTU3ZDc0MGNiODMzZTRmYmU0NGZmM2ZhOCIsInVzZXJfaWQiOjE0fQ.yJTWW15xVQ657nNAyEx_4dU9nm1U-QOJdbCdXqby0-o	2024-02-02 10:10:53.783511+01	2024-02-03 10:10:53+01	14	4fd01b2557d740cb833e4fbe44ff3fa8
140	eyJhbGciOiJIUzI1NiIsInR5cCI6IkpXVCJ9.eyJ0b2tlbl90eXBlIjoicmVmcmVzaCIsImV4cCI6MTcwNjk1MTQ1NCwiaWF0IjoxNzA2ODY1MDU0LCJqdGkiOiI3N2FiNTdiYWEwMWY0NThkODNhOTNmYjJmMjNkNWM0YiIsInVzZXJfaWQiOjE0fQ.gYHUEPRq3_sk3Mu8NG89KcNKNeufEccOodsGfjqo8sM	2024-02-02 10:10:54.210233+01	2024-02-03 10:10:54+01	14	77ab57baa01f458d83a93fb2f23d5c4b
141	eyJhbGciOiJIUzI1NiIsInR5cCI6IkpXVCJ9.eyJ0b2tlbl90eXBlIjoicmVmcmVzaCIsImV4cCI6MTcwNjk1MjIyMiwiaWF0IjoxNzA2ODY1ODIyLCJqdGkiOiI3ZGIzNjU4ZjFkMTk0MzcyOWJiNWRjYzIwZGI3OThmMiIsInVzZXJfaWQiOjE0fQ.n55SQOM3gURYAoTyZjDUEMM-eApe4a7zCTlONeKDaW0	2024-02-02 10:23:42.435807+01	2024-02-03 10:23:42+01	14	7db3658f1d1943729bb5dcc20db798f2
142	eyJhbGciOiJIUzI1NiIsInR5cCI6IkpXVCJ9.eyJ0b2tlbl90eXBlIjoicmVmcmVzaCIsImV4cCI6MTcwNjk1Mjg4NSwiaWF0IjoxNzA2ODY2NDg1LCJqdGkiOiIzYTlkODI5NmEyMDY0ZWNmOTE4Nzg2ZTE5ZGEwYjdhZiIsInVzZXJfaWQiOjE0fQ.YfJW0Gw9EWOB-eaJndvuLCkU5cznnrUnPO7FA8ie5SE	2024-02-02 10:34:45.266387+01	2024-02-03 10:34:45+01	14	3a9d8296a2064ecf918786e19da0b7af
143	eyJhbGciOiJIUzI1NiIsInR5cCI6IkpXVCJ9.eyJ0b2tlbl90eXBlIjoicmVmcmVzaCIsImV4cCI6MTcwNjk1MzYyMywiaWF0IjoxNzA2ODY3MjIzLCJqdGkiOiJiMjBiY2ViMjAyYjc0MWY4YjFjMDM1ZTRmM2VmZjcwMiIsInVzZXJfaWQiOjE0fQ.FkWf4fbWjMk2QgLP3Py0TrlJEcJeFUDzOEo8LrvIuNw	2024-02-02 10:47:03.146217+01	2024-02-03 10:47:03+01	14	b20bceb202b741f8b1c035e4f3eff702
144	eyJhbGciOiJIUzI1NiIsInR5cCI6IkpXVCJ9.eyJ0b2tlbl90eXBlIjoicmVmcmVzaCIsImV4cCI6MTcwNjk1NDgyNCwiaWF0IjoxNzA2ODY4NDI0LCJqdGkiOiI4Zjg2MTAwYTE2NjQ0YWQxOGMwMmY3OWNiMTIyODAzYyIsInVzZXJfaWQiOjE0fQ.DEPucIZNRkX3gsilj65jbPLqovcj_rj6h8iTq9rb0Nw	2024-02-02 11:07:04.44326+01	2024-02-03 11:07:04+01	14	8f86100a16644ad18c02f79cb122803c
145	eyJhbGciOiJIUzI1NiIsInR5cCI6IkpXVCJ9.eyJ0b2tlbl90eXBlIjoicmVmcmVzaCIsImV4cCI6MTcwNjk1NTUyMiwiaWF0IjoxNzA2ODY5MTIyLCJqdGkiOiJhYmE4ODIyMTNkYWM0ZjE0YmRmODI2YTI0OWY4NmUwMCIsInVzZXJfaWQiOjE0fQ.2urmtvsjyHznM869ZFCr_EWO8nvgJLgVXxHER13IVVc	2024-02-02 11:18:42.313573+01	2024-02-03 11:18:42+01	14	aba882213dac4f14bdf826a249f86e00
146	eyJhbGciOiJIUzI1NiIsInR5cCI6IkpXVCJ9.eyJ0b2tlbl90eXBlIjoicmVmcmVzaCIsImV4cCI6MTcwNjk1NjM1MywiaWF0IjoxNzA2ODY5OTUzLCJqdGkiOiI1NmM2MTYzOTJjM2U0NzYwOGRjNjk2ZGM2YmU2NDMwZSIsInVzZXJfaWQiOjE0fQ.J5YnDgs3Dwy7TDoqpaJkv0vZwocYkTwIucd_lbNtU8A	2024-02-02 11:32:33.606614+01	2024-02-03 11:32:33+01	14	56c616392c3e47608dc696dc6be6430e
147	eyJhbGciOiJIUzI1NiIsInR5cCI6IkpXVCJ9.eyJ0b2tlbl90eXBlIjoicmVmcmVzaCIsImV4cCI6MTcwNjk1ODMyNSwiaWF0IjoxNzA2ODcxOTI1LCJqdGkiOiJhZTk0ODI1N2YwNDI0MzE5OTY4Y2U3YjM3MjI5MmIyMSIsInVzZXJfaWQiOjE0fQ.ohLH_AY5kfITLRX0Jw1-KeOv7FOOxRkPxnVD8dbAMjs	2024-02-02 12:05:25.051202+01	2024-02-03 12:05:25+01	14	ae948257f0424319968ce7b372292b21
148	eyJhbGciOiJIUzI1NiIsInR5cCI6IkpXVCJ9.eyJ0b2tlbl90eXBlIjoicmVmcmVzaCIsImV4cCI6MTcwNjk1OTA3NCwiaWF0IjoxNzA2ODcyNjc0LCJqdGkiOiIxZDEzMDk0ZTk0MjY0MmY4OTQwOGI0ZGQzMjhhNDMwMCIsInVzZXJfaWQiOjE0fQ.W0GZAMSo-XpuQfoMIZaIW0zOzbIxz_lNY69a6c3hRcY	2024-02-02 12:17:54.185439+01	2024-02-03 12:17:54+01	14	1d13094e942642f89408b4dd328a4300
149	eyJhbGciOiJIUzI1NiIsInR5cCI6IkpXVCJ9.eyJ0b2tlbl90eXBlIjoicmVmcmVzaCIsImV4cCI6MTcwNjk1OTcxNCwiaWF0IjoxNzA2ODczMzE0LCJqdGkiOiJlNWJjYjIzNDAwNGU0MWU0OGJkNmFiZDI3Y2I1NDhhNSIsInVzZXJfaWQiOjE0fQ.oVzhOfkLRqLT4V-6meS-ebTH5SgqZAr8n5tC1xzD9Uw	2024-02-02 12:28:34.936273+01	2024-02-03 12:28:34+01	14	e5bcb234004e41e48bd6abd27cb548a5
150	eyJhbGciOiJIUzI1NiIsInR5cCI6IkpXVCJ9.eyJ0b2tlbl90eXBlIjoicmVmcmVzaCIsImV4cCI6MTcwNjk2MDcxNSwiaWF0IjoxNzA2ODc0MzE1LCJqdGkiOiIyNThmYjNmMGVkMTc0ZmMwOTkwM2QwZTg3YjM0NzQ4YiIsInVzZXJfaWQiOjE0fQ.tujujvUbGgau9Os5LH4C4ROpec-ickiO6_g-FCldcYY	2024-02-02 12:45:15.492202+01	2024-02-03 12:45:15+01	14	258fb3f0ed174fc09903d0e87b34748b
151	eyJhbGciOiJIUzI1NiIsInR5cCI6IkpXVCJ9.eyJ0b2tlbl90eXBlIjoicmVmcmVzaCIsImV4cCI6MTcwNjk2MTMzMiwiaWF0IjoxNzA2ODc0OTMyLCJqdGkiOiJkZTJjY2NhZmIyOTE0YjEzYjlkZmQyYmQzOTYyZDVmZSIsInVzZXJfaWQiOjE0fQ.zz5lfXNyZB-GXBS9T7uYAhc437CJUYCg_RkSYDJrjVM	2024-02-02 12:55:32.193166+01	2024-02-03 12:55:32+01	14	de2cccafb2914b13b9dfd2bd3962d5fe
152	eyJhbGciOiJIUzI1NiIsInR5cCI6IkpXVCJ9.eyJ0b2tlbl90eXBlIjoicmVmcmVzaCIsImV4cCI6MTcwNjk2MTQ3MCwiaWF0IjoxNzA2ODc1MDcwLCJqdGkiOiIzZjM5ZjRlNWM4OTI0ZDAxOGQwZTE0ZjllOTg5YWUwNCIsInVzZXJfaWQiOjE3fQ.cW_XiahQ6luFkWqMM1VpRF6_831JhHGDw6jYs9gc4wI	2024-02-02 12:57:50.677092+01	2024-02-03 12:57:50+01	17	3f39f4e5c8924d018d0e14f9e989ae04
153	eyJhbGciOiJIUzI1NiIsInR5cCI6IkpXVCJ9.eyJ0b2tlbl90eXBlIjoicmVmcmVzaCIsImV4cCI6MTcwNjk2MjE1OCwiaWF0IjoxNzA2ODc1NzU4LCJqdGkiOiI1Yjk3N2NlNDkyZmM0ZmFiODYwNmYyZDc4OGRiMzE2NyIsInVzZXJfaWQiOjE3fQ.FkJiXyM_B85mdQU3iGiEUD9-oUqKfVo53GQ64g98ok0	2024-02-02 13:09:18.408933+01	2024-02-03 13:09:18+01	17	5b977ce492fc4fab8606f2d788db3167
154	eyJhbGciOiJIUzI1NiIsInR5cCI6IkpXVCJ9.eyJ0b2tlbl90eXBlIjoicmVmcmVzaCIsImV4cCI6MTcwNjk2MjIxMywiaWF0IjoxNzA2ODc1ODEzLCJqdGkiOiI5ZTJmZDg0Y2ZmZjY0ZDBkOTUzYjdkM2ViMmNkM2NkOSIsInVzZXJfaWQiOjE3fQ.l4d80yVKROkTbgJj4s-dj_-4pR0jQAJTKew-7dtRK4w	2024-02-02 13:10:13.353523+01	2024-02-03 13:10:13+01	17	9e2fd84cfff64d0d953b7d3eb2cd3cd9
155	eyJhbGciOiJIUzI1NiIsInR5cCI6IkpXVCJ9.eyJ0b2tlbl90eXBlIjoicmVmcmVzaCIsImV4cCI6MTcwNjk2MjIzOSwiaWF0IjoxNzA2ODc1ODM5LCJqdGkiOiIwYjFiNTQ3YTIxMzc0ODY4YTIyYzZkODBlZTlmM2RkNiIsInVzZXJfaWQiOjIwfQ.qgp-YMtks9Wm91f6ZB9gaJMYhIZOdOCyaRw1H9JZczE	2024-02-02 13:10:39.289024+01	2024-02-03 13:10:39+01	20	0b1b547a21374868a22c6d80ee9f3dd6
156	eyJhbGciOiJIUzI1NiIsInR5cCI6IkpXVCJ9.eyJ0b2tlbl90eXBlIjoicmVmcmVzaCIsImV4cCI6MTcwNjk2MzA1MSwiaWF0IjoxNzA2ODc2NjUxLCJqdGkiOiJhMDJlMjBiNTViOTE0NzIzOGFmOTJjYTEzNzYwN2E1OCIsInVzZXJfaWQiOjE0fQ.NNKb3DPK1WjbOc8O9472xYixZ-Vxt1TrES2GyPPhFPE	2024-02-02 13:24:11.67824+01	2024-02-03 13:24:11+01	14	a02e20b55b9147238af92ca137607a58
157	eyJhbGciOiJIUzI1NiIsInR5cCI6IkpXVCJ9.eyJ0b2tlbl90eXBlIjoicmVmcmVzaCIsImV4cCI6MTcwNjk2MzA3MiwiaWF0IjoxNzA2ODc2NjcyLCJqdGkiOiIzMDBhMDFjMTlmOGQ0MmI1ODNlMjg0ZTEyMDIzMTE4ZiIsInVzZXJfaWQiOjE3fQ.9AsCWb0kCk73z_1U7_Mf6eHVRdZ1emkfibS8uj37KRA	2024-02-02 13:24:32.722004+01	2024-02-03 13:24:32+01	17	300a01c19f8d42b583e284e12023118f
158	eyJhbGciOiJIUzI1NiIsInR5cCI6IkpXVCJ9.eyJ0b2tlbl90eXBlIjoicmVmcmVzaCIsImV4cCI6MTcwNjk2MzEwMiwiaWF0IjoxNzA2ODc2NzAyLCJqdGkiOiIwZDlmYjg4OWEwZjE0ZDliYTVjNmFmNDE4MGY4NmQ1NiIsInVzZXJfaWQiOjE3fQ.MxsF-FOdxsuwe8DshS77dtsPS45XK8ibShQRjTcG1mE	2024-02-02 13:25:02.257689+01	2024-02-03 13:25:02+01	17	0d9fb889a0f14d9ba5c6af4180f86d56
159	eyJhbGciOiJIUzI1NiIsInR5cCI6IkpXVCJ9.eyJ0b2tlbl90eXBlIjoicmVmcmVzaCIsImV4cCI6MTcwNjk2MzE0OSwiaWF0IjoxNzA2ODc2NzQ5LCJqdGkiOiI1MGU3NDI4ZjNlODc0M2Y4Yjc3ZDkzMjNkMzJmNGEyMSIsInVzZXJfaWQiOjE0fQ.D6HHoOZkTZwSmC9VKDThpIwsrHSCA5DnQwT3Qf84aKg	2024-02-02 13:25:49.787979+01	2024-02-03 13:25:49+01	14	50e7428f3e8743f8b77d9323d32f4a21
160	eyJhbGciOiJIUzI1NiIsInR5cCI6IkpXVCJ9.eyJ0b2tlbl90eXBlIjoicmVmcmVzaCIsImV4cCI6MTcwNjk2Mzg2NiwiaWF0IjoxNzA2ODc3NDY2LCJqdGkiOiJjNTc2OWU0ZmE5NmU0M2U3YTk5YzYzNzk3NzNmNjRhOSIsInVzZXJfaWQiOjE0fQ.I279GSLGWTuKOmFJN6jreyVI1cUeK0PSdlKZYq5kCO4	2024-02-02 13:37:46.686139+01	2024-02-03 13:37:46+01	14	c5769e4fa96e43e7a99c6379773f64a9
161	eyJhbGciOiJIUzI1NiIsInR5cCI6IkpXVCJ9.eyJ0b2tlbl90eXBlIjoicmVmcmVzaCIsImV4cCI6MTcwNjk2Mzg4OCwiaWF0IjoxNzA2ODc3NDg4LCJqdGkiOiJmYzE2NDdjOTA2M2E0ZjBiYWM2NTk3ODI4YTdmYTlmYSIsInVzZXJfaWQiOjE0fQ.AuIJ3Ay06pm50DMp07VfLGzyx6s-uLl_yXE_Pz-iJTc	2024-02-02 13:38:08.722428+01	2024-02-03 13:38:08+01	14	fc1647c9063a4f0bac6597828a7fa9fa
162	eyJhbGciOiJIUzI1NiIsInR5cCI6IkpXVCJ9.eyJ0b2tlbl90eXBlIjoicmVmcmVzaCIsImV4cCI6MTcwNjk2MzkyMSwiaWF0IjoxNzA2ODc3NTIxLCJqdGkiOiI4Y2Q4ZDY5Zjc2OGI0ZGNjOTA5ODVjOGY5NGQxOWQ4NyIsInVzZXJfaWQiOjE0fQ.2PwGS5YBHNOBDgLi8akQdQ4BrxjpbnBco3MQbQjXc8Y	2024-02-02 13:38:41.798507+01	2024-02-03 13:38:41+01	14	8cd8d69f768b4dcc90985c8f94d19d87
163	eyJhbGciOiJIUzI1NiIsInR5cCI6IkpXVCJ9.eyJ0b2tlbl90eXBlIjoicmVmcmVzaCIsImV4cCI6MTcwNjk2NDU4NCwiaWF0IjoxNzA2ODc4MTg0LCJqdGkiOiI1YTNmNTY4MjJhMjA0NGQzYjJlYzA5YjBiN2I0MWJiYiIsInVzZXJfaWQiOjE0fQ.oOzeXGJw2CfXZidoaiqEyplCfZAkQGmk7oUn05PryBc	2024-02-02 13:49:44.002601+01	2024-02-03 13:49:44+01	14	5a3f56822a2044d3b2ec09b0b7b41bbb
164	eyJhbGciOiJIUzI1NiIsInR5cCI6IkpXVCJ9.eyJ0b2tlbl90eXBlIjoicmVmcmVzaCIsImV4cCI6MTcwNjk2NTI2OSwiaWF0IjoxNzA2ODc4ODY5LCJqdGkiOiI4OGY2NmI4OTUxMTA0OTc2YmNkZmNlZDA5ZWVjYTNkOCIsInVzZXJfaWQiOjE0fQ.jJkPH9v-ZTMaMD2jWLX30wiYw-mmbaDROPWM1Xlv8xg	2024-02-02 14:01:09.516489+01	2024-02-03 14:01:09+01	14	88f66b8951104976bcdfced09eeca3d8
165	eyJhbGciOiJIUzI1NiIsInR5cCI6IkpXVCJ9.eyJ0b2tlbl90eXBlIjoicmVmcmVzaCIsImV4cCI6MTcwNjk2NTkyMCwiaWF0IjoxNzA2ODc5NTIwLCJqdGkiOiJmOTZlZWJmZWVmYmU0ZmYxOWVmMTMwODkzYmJmNzQ4NSIsInVzZXJfaWQiOjE3fQ.3czvpfvAx2RTtnxY3FBfhN0de6owOewbfZNRHwlohy4	2024-02-02 14:12:00.855411+01	2024-02-03 14:12:00+01	17	f96eebfeefbe4ff19ef130893bbf7485
166	eyJhbGciOiJIUzI1NiIsInR5cCI6IkpXVCJ9.eyJ0b2tlbl90eXBlIjoicmVmcmVzaCIsImV4cCI6MTcwNjk2NjAyNiwiaWF0IjoxNzA2ODc5NjI2LCJqdGkiOiI4ZDgxNzVjNzNkNDU0Mzk5YjQ3ODBmZjI0NTZhZmU2YiIsInVzZXJfaWQiOjE0fQ.bAvBnrluQLSmRuJwmCxbxUWFh_5u6PvBEi1i_i4RZ3o	2024-02-02 14:13:46.779248+01	2024-02-03 14:13:46+01	14	8d8175c73d454399b4780ff2456afe6b
167	eyJhbGciOiJIUzI1NiIsInR5cCI6IkpXVCJ9.eyJ0b2tlbl90eXBlIjoicmVmcmVzaCIsImV4cCI6MTcwNjk2NjAyNywiaWF0IjoxNzA2ODc5NjI3LCJqdGkiOiI3NWUzNWE4NTJiNDU0ZjMwODIzNzE4Mjc2ODYwYmZiZCIsInVzZXJfaWQiOjE0fQ.NQUtL4oP6N-fh9iz5HnQCANA8PTMWCGwqnURPVCNMF0	2024-02-02 14:13:47.162295+01	2024-02-03 14:13:47+01	14	75e35a852b454f30823718276860bfbd
30	eyJhbGciOiJIUzI1NiIsInR5cCI6IkpXVCJ9.eyJ0b2tlbl90eXBlIjoicmVmcmVzaCIsImV4cCI6MTcwNTUxMjg4NSwiaWF0IjoxNzA1NDI2NDg1LCJqdGkiOiI2OGY0MzExYTY4MDA0ZDcxYTIzZDFlMDBhNWU1M2VkZCIsInVzZXJfaWQiOjEyfQ.okX_p-abEBURMCJksUvQDbAPzTujjAM8dP7whuxyio0	2024-01-16 18:34:45.922109+01	2024-01-17 18:34:45+01	\N	68f4311a68004d71a23d1e00a5e53edd
31	eyJhbGciOiJIUzI1NiIsInR5cCI6IkpXVCJ9.eyJ0b2tlbl90eXBlIjoicmVmcmVzaCIsImV4cCI6MTcwNTUxMjk3NywiaWF0IjoxNzA1NDI2NTc3LCJqdGkiOiI3MGYzYjU3NGNhYjY0NThhODAxZjZiNDgxMDZlMmQyNSIsInVzZXJfaWQiOjEyfQ.uWjtM1keZ0LiFCE0_5A6gou_f6r8pjlZByeSGvQY0Gw	2024-01-16 18:36:17.123581+01	2024-01-17 18:36:17+01	\N	70f3b574cab6458a801f6b48106e2d25
32	eyJhbGciOiJIUzI1NiIsInR5cCI6IkpXVCJ9.eyJ0b2tlbl90eXBlIjoicmVmcmVzaCIsImV4cCI6MTcwNTUxMzE2MiwiaWF0IjoxNzA1NDI2NzYyLCJqdGkiOiJiZThiODBjYmUxNmE0ZjdjYWEyNjYxODkyOWE2Y2NmMiIsInVzZXJfaWQiOjEyfQ.SG8QPu-DHSVSCUNiiAxONq5e23JEOzhq3CNDHAhPjlg	2024-01-16 18:39:22.600913+01	2024-01-17 18:39:22+01	\N	be8b80cbe16a4f7caa26618929a6ccf2
33	eyJhbGciOiJIUzI1NiIsInR5cCI6IkpXVCJ9.eyJ0b2tlbl90eXBlIjoicmVmcmVzaCIsImV4cCI6MTcwNTU5NTExMiwiaWF0IjoxNzA1NTA4NzEyLCJqdGkiOiJlYjFhODgxMGJkOTI0M2VlODhjZTkwN2UzMWU0OGNiZCIsInVzZXJfaWQiOjEyfQ.lziIR7-pPcU1-NdBi7fc-I5KzgOBOa_pcJYVJbnayCU	2024-01-17 17:25:12.913112+01	2024-01-18 17:25:12+01	\N	eb1a8810bd9243ee88ce907e31e48cbd
34	eyJhbGciOiJIUzI1NiIsInR5cCI6IkpXVCJ9.eyJ0b2tlbl90eXBlIjoicmVmcmVzaCIsImV4cCI6MTcwNTU5NTc5MSwiaWF0IjoxNzA1NTA5MzkxLCJqdGkiOiIyOGNhZWE5NjZjZDA0YWI2YTljMmU5ZDk1MjFkMjI0MCIsInVzZXJfaWQiOjEyfQ.aBGfkLRUhmCgTE26Tywh-NZq3YIH8X_yYYMQ4etloRk	2024-01-17 17:36:31.235036+01	2024-01-18 17:36:31+01	\N	28caea966cd04ab6a9c2e9d9521d2240
35	eyJhbGciOiJIUzI1NiIsInR5cCI6IkpXVCJ9.eyJ0b2tlbl90eXBlIjoicmVmcmVzaCIsImV4cCI6MTcwNTU5NjI1MCwiaWF0IjoxNzA1NTA5ODUwLCJqdGkiOiI1YzI2YjZkYmZhNDc0NzBhYjM3OWY0OTEyN2YxNTljMiIsInVzZXJfaWQiOjEyfQ.09Aw2tQiY_Op7Lx4Cc-ySX9llA8VmZJ-C1P9rDm5jt8	2024-01-17 17:44:10.805958+01	2024-01-18 17:44:10+01	\N	5c26b6dbfa47470ab379f49127f159c2
36	eyJhbGciOiJIUzI1NiIsInR5cCI6IkpXVCJ9.eyJ0b2tlbl90eXBlIjoicmVmcmVzaCIsImV4cCI6MTcwNTU5NzEyMywiaWF0IjoxNzA1NTEwNzIzLCJqdGkiOiJmNTQ3MzAzMThjMzM0MjY4ODM2NjAzMDRlOWRjOTQ2YSIsInVzZXJfaWQiOjEyfQ.KZZWbqdv_q9HIMQCqY0Buz5G_6Bx53_osc6GwgoIuXw	2024-01-17 17:58:43.032819+01	2024-01-18 17:58:43+01	\N	f54730318c33426883660304e9dc946a
37	eyJhbGciOiJIUzI1NiIsInR5cCI6IkpXVCJ9.eyJ0b2tlbl90eXBlIjoicmVmcmVzaCIsImV4cCI6MTcwNTU5ODY5OCwiaWF0IjoxNzA1NTEyMjk4LCJqdGkiOiI0YjdkNDg1OWFkYTc0ZGRlODRkYjVjMTU2ZGYwZjFhNyIsInVzZXJfaWQiOjEyfQ.NdQN3izdupV7bIcFbgp34hO3OFm5YEu6ZQZyyih3dzg	2024-01-17 18:24:58.122142+01	2024-01-18 18:24:58+01	\N	4b7d4859ada74dde84db5c156df0f1a7
38	eyJhbGciOiJIUzI1NiIsInR5cCI6IkpXVCJ9.eyJ0b2tlbl90eXBlIjoicmVmcmVzaCIsImV4cCI6MTcwNTc2NzgzMiwiaWF0IjoxNzA1NjgxNDMyLCJqdGkiOiJmNWMzMWE1MjkzMDI0NmU0YjNlODExMDQ2MGE3N2YwZiIsInVzZXJfaWQiOjEyfQ.JzqiHUeIsG6ZMplyriRlZICehNlNb8FpVCQNOEalqxA	2024-01-19 17:23:52.944138+01	2024-01-20 17:23:52+01	\N	f5c31a52930246e4b3e8110460a77f0f
40	eyJhbGciOiJIUzI1NiIsInR5cCI6IkpXVCJ9.eyJ0b2tlbl90eXBlIjoicmVmcmVzaCIsImV4cCI6MTcwNjg3OTI4MCwiaWF0IjoxNzA2NzkyODgwLCJqdGkiOiJiZjllODRiNDI5ZjY0NDVhYjMzM2VmZmEzN2U3YzBiYiIsInVzZXJfaWQiOjEyfQ.Rp8RfvfDPmR_yI8G03-ocE4kcLo82kHp7fcsvq7xkqQ	2024-02-01 14:08:00.042059+01	2024-02-02 14:08:00+01	\N	bf9e84b429f6445ab333effa37e7c0bb
48	eyJhbGciOiJIUzI1NiIsInR5cCI6IkpXVCJ9.eyJ0b2tlbl90eXBlIjoicmVmcmVzaCIsImV4cCI6MTcwNjg5NDI2NCwiaWF0IjoxNzA2ODA3ODY0LCJqdGkiOiI5YjBmNTYxNGY1YjM0OGRkOWI1YmI4YTZhZWE1Y2U5ZSIsInVzZXJfaWQiOjEyfQ.-L87fgrrw3cjN_-_fTMK7vheIG_X7WqXdcwp5miV5Ec	2024-02-01 18:17:44.387231+01	2024-02-02 18:17:44+01	\N	9b0f5614f5b348dd9b5bb8a6aea5ce9e
49	eyJhbGciOiJIUzI1NiIsInR5cCI6IkpXVCJ9.eyJ0b2tlbl90eXBlIjoicmVmcmVzaCIsImV4cCI6MTcwNjg5NDMwMywiaWF0IjoxNzA2ODA3OTAzLCJqdGkiOiIyOGYyMTRiODYwZDI0NzM0OTNmOGJjODQwOWFkZWUzYSIsInVzZXJfaWQiOjEyfQ.VF3OT6XXUlNI4nmfzkHbGpistqVjV2zXOq1Dbhn7fyk	2024-02-01 18:18:23.140542+01	2024-02-02 18:18:23+01	\N	28f214b860d2473493f8bc8409adee3a
168	eyJhbGciOiJIUzI1NiIsInR5cCI6IkpXVCJ9.eyJ0b2tlbl90eXBlIjoicmVmcmVzaCIsImV4cCI6MTcwNjk2NjI0MiwiaWF0IjoxNzA2ODc5ODQyLCJqdGkiOiI2MGIyYzgzMmY5NDA0ZjJiOTdjOTE0MzM0ZmZkZTVhYyIsInVzZXJfaWQiOjIxfQ.vKmC6x_eYBSwC1atFlraYwRauBZjrfaCPAwdX-5B3fs	2024-02-02 14:17:22.423031+01	2024-02-03 14:17:22+01	21	60b2c832f9404f2b97c914334ffde5ac
169	eyJhbGciOiJIUzI1NiIsInR5cCI6IkpXVCJ9.eyJ0b2tlbl90eXBlIjoicmVmcmVzaCIsImV4cCI6MTcwNjk2NjM1MCwiaWF0IjoxNzA2ODc5OTUwLCJqdGkiOiI3MzMyNzUwNDliMDk0MWFmYjU3MzA4MTA5ZDhkMWMxNyIsInVzZXJfaWQiOjIxfQ.MUdFMH7vCOfDbwUepgkWVkFwr0dNJ2sBy1gBwySXYYE	2024-02-02 14:19:10.218564+01	2024-02-03 14:19:10+01	21	733275049b0941afb57308109d8d1c17
170	eyJhbGciOiJIUzI1NiIsInR5cCI6IkpXVCJ9.eyJ0b2tlbl90eXBlIjoicmVmcmVzaCIsImV4cCI6MTcwNjk2NjYzMiwiaWF0IjoxNzA2ODgwMjMyLCJqdGkiOiJiNGQ4NmE2NDg5ZmY0NzViYjkwYzNmYjQwYmUxOGFhYiIsInVzZXJfaWQiOjE0fQ.MWyjwUO_GTto9IqK1NhMsLS7jPNzdKhQ8ADo--Nyxdk	2024-02-02 14:23:52.586182+01	2024-02-03 14:23:52+01	14	b4d86a6489ff475bb90c3fb40be18aab
\.


--
-- Data for Name: users; Type: TABLE DATA; Schema: public; Owner: postgres
--

COPY public.users (id, email, password) FROM stdin;
1	kot@pies.pl	kotek
2	malpa@zyrafa.de	kokoko
\.


--
-- Name: app_archiveloan_id_seq; Type: SEQUENCE SET; Schema: public; Owner: postgres
--

SELECT pg_catalog.setval('public.app_archiveloan_id_seq', 1, false);


--
-- Name: app_author_id_seq; Type: SEQUENCE SET; Schema: public; Owner: postgres
--

SELECT pg_catalog.setval('public.app_author_id_seq', 43, true);


--
-- Name: app_book_authors_id_seq; Type: SEQUENCE SET; Schema: public; Owner: postgres
--

SELECT pg_catalog.setval('public.app_book_authors_id_seq', 100, true);


--
-- Name: app_book_id_seq; Type: SEQUENCE SET; Schema: public; Owner: postgres
--

SELECT pg_catalog.setval('public.app_book_id_seq', 66, true);


--
-- Name: app_bookcopy_id_seq; Type: SEQUENCE SET; Schema: public; Owner: postgres
--

SELECT pg_catalog.setval('public.app_bookcopy_id_seq', 302, true);


--
-- Name: app_borrowedbook_id_seq; Type: SEQUENCE SET; Schema: public; Owner: postgres
--

SELECT pg_catalog.setval('public.app_borrowedbook_id_seq', 1, false);


--
-- Name: app_isbn_id_seq; Type: SEQUENCE SET; Schema: public; Owner: postgres
--

SELECT pg_catalog.setval('public.app_isbn_id_seq', 25, true);


--
-- Name: app_reservedbook_id_seq; Type: SEQUENCE SET; Schema: public; Owner: postgres
--

SELECT pg_catalog.setval('public.app_reservedbook_id_seq', 1, false);


--
-- Name: auth_group_id_seq; Type: SEQUENCE SET; Schema: public; Owner: postgres
--

SELECT pg_catalog.setval('public.auth_group_id_seq', 1, false);


--
-- Name: auth_group_permissions_id_seq; Type: SEQUENCE SET; Schema: public; Owner: postgres
--

SELECT pg_catalog.setval('public.auth_group_permissions_id_seq', 1, false);


--
-- Name: auth_permission_id_seq; Type: SEQUENCE SET; Schema: public; Owner: postgres
--

SELECT pg_catalog.setval('public.auth_permission_id_seq', 64, true);


--
-- Name: auth_user_groups_id_seq; Type: SEQUENCE SET; Schema: public; Owner: postgres
--

SELECT pg_catalog.setval('public.auth_user_groups_id_seq', 1, false);


--
-- Name: auth_user_id_seq; Type: SEQUENCE SET; Schema: public; Owner: postgres
--

SELECT pg_catalog.setval('public.auth_user_id_seq', 21, true);


--
-- Name: auth_user_user_permissions_id_seq; Type: SEQUENCE SET; Schema: public; Owner: postgres
--

SELECT pg_catalog.setval('public.auth_user_user_permissions_id_seq', 1, false);


--
-- Name: books_id_seq; Type: SEQUENCE SET; Schema: public; Owner: postgres
--

SELECT pg_catalog.setval('public.books_id_seq', 5, true);


--
-- Name: django_admin_log_id_seq; Type: SEQUENCE SET; Schema: public; Owner: postgres
--

SELECT pg_catalog.setval('public.django_admin_log_id_seq', 51, true);


--
-- Name: django_content_type_id_seq; Type: SEQUENCE SET; Schema: public; Owner: postgres
--

SELECT pg_catalog.setval('public.django_content_type_id_seq', 16, true);


--
-- Name: django_migrations_id_seq; Type: SEQUENCE SET; Schema: public; Owner: postgres
--

SELECT pg_catalog.setval('public.django_migrations_id_seq', 41, true);


--
-- Name: token_blacklist_blacklistedtoken_id_seq; Type: SEQUENCE SET; Schema: public; Owner: postgres
--

SELECT pg_catalog.setval('public.token_blacklist_blacklistedtoken_id_seq', 9, true);


--
-- Name: token_blacklist_outstandingtoken_id_seq; Type: SEQUENCE SET; Schema: public; Owner: postgres
--

SELECT pg_catalog.setval('public.token_blacklist_outstandingtoken_id_seq', 170, true);


--
-- Name: users_id_seq; Type: SEQUENCE SET; Schema: public; Owner: postgres
--

SELECT pg_catalog.setval('public.users_id_seq', 2, true);


--
-- Name: app_archiveloan app_archiveloan_pkey; Type: CONSTRAINT; Schema: public; Owner: postgres
--

ALTER TABLE ONLY public.app_archiveloan
    ADD CONSTRAINT app_archiveloan_pkey PRIMARY KEY (id);


--
-- Name: app_author app_author_pkey; Type: CONSTRAINT; Schema: public; Owner: postgres
--

ALTER TABLE ONLY public.app_author
    ADD CONSTRAINT app_author_pkey PRIMARY KEY (id);


--
-- Name: app_book_authors app_book_authors_book_id_author_id_4f74f2ac_uniq; Type: CONSTRAINT; Schema: public; Owner: postgres
--

ALTER TABLE ONLY public.app_book_authors
    ADD CONSTRAINT app_book_authors_book_id_author_id_4f74f2ac_uniq UNIQUE (book_id, author_id);


--
-- Name: app_book_authors app_book_authors_pkey; Type: CONSTRAINT; Schema: public; Owner: postgres
--

ALTER TABLE ONLY public.app_book_authors
    ADD CONSTRAINT app_book_authors_pkey PRIMARY KEY (id);


--
-- Name: app_book app_book_isbn_id_key; Type: CONSTRAINT; Schema: public; Owner: postgres
--

ALTER TABLE ONLY public.app_book
    ADD CONSTRAINT app_book_isbn_id_key UNIQUE (isbn_id);


--
-- Name: app_book app_book_pkey; Type: CONSTRAINT; Schema: public; Owner: postgres
--

ALTER TABLE ONLY public.app_book
    ADD CONSTRAINT app_book_pkey PRIMARY KEY (id);


--
-- Name: app_bookcopy app_bookcopy_pkey; Type: CONSTRAINT; Schema: public; Owner: postgres
--

ALTER TABLE ONLY public.app_bookcopy
    ADD CONSTRAINT app_bookcopy_pkey PRIMARY KEY (id);


--
-- Name: app_borrowedbook app_borrowedbook_pkey; Type: CONSTRAINT; Schema: public; Owner: postgres
--

ALTER TABLE ONLY public.app_borrowedbook
    ADD CONSTRAINT app_borrowedbook_pkey PRIMARY KEY (id);


--
-- Name: app_isbn app_isbn_isbn_number_key; Type: CONSTRAINT; Schema: public; Owner: postgres
--

ALTER TABLE ONLY public.app_isbn
    ADD CONSTRAINT app_isbn_isbn_number_key UNIQUE (isbn_number);


--
-- Name: app_isbn app_isbn_pkey; Type: CONSTRAINT; Schema: public; Owner: postgres
--

ALTER TABLE ONLY public.app_isbn
    ADD CONSTRAINT app_isbn_pkey PRIMARY KEY (id);


--
-- Name: app_reservedbook app_reservedbook_pkey; Type: CONSTRAINT; Schema: public; Owner: postgres
--

ALTER TABLE ONLY public.app_reservedbook
    ADD CONSTRAINT app_reservedbook_pkey PRIMARY KEY (id);


--
-- Name: auth_group auth_group_name_key; Type: CONSTRAINT; Schema: public; Owner: postgres
--

ALTER TABLE ONLY public.auth_group
    ADD CONSTRAINT auth_group_name_key UNIQUE (name);


--
-- Name: auth_group_permissions auth_group_permissions_group_id_permission_id_0cd325b0_uniq; Type: CONSTRAINT; Schema: public; Owner: postgres
--

ALTER TABLE ONLY public.auth_group_permissions
    ADD CONSTRAINT auth_group_permissions_group_id_permission_id_0cd325b0_uniq UNIQUE (group_id, permission_id);


--
-- Name: auth_group_permissions auth_group_permissions_pkey; Type: CONSTRAINT; Schema: public; Owner: postgres
--

ALTER TABLE ONLY public.auth_group_permissions
    ADD CONSTRAINT auth_group_permissions_pkey PRIMARY KEY (id);


--
-- Name: auth_group auth_group_pkey; Type: CONSTRAINT; Schema: public; Owner: postgres
--

ALTER TABLE ONLY public.auth_group
    ADD CONSTRAINT auth_group_pkey PRIMARY KEY (id);


--
-- Name: auth_permission auth_permission_content_type_id_codename_01ab375a_uniq; Type: CONSTRAINT; Schema: public; Owner: postgres
--

ALTER TABLE ONLY public.auth_permission
    ADD CONSTRAINT auth_permission_content_type_id_codename_01ab375a_uniq UNIQUE (content_type_id, codename);


--
-- Name: auth_permission auth_permission_pkey; Type: CONSTRAINT; Schema: public; Owner: postgres
--

ALTER TABLE ONLY public.auth_permission
    ADD CONSTRAINT auth_permission_pkey PRIMARY KEY (id);


--
-- Name: auth_user_groups auth_user_groups_pkey; Type: CONSTRAINT; Schema: public; Owner: postgres
--

ALTER TABLE ONLY public.auth_user_groups
    ADD CONSTRAINT auth_user_groups_pkey PRIMARY KEY (id);


--
-- Name: auth_user_groups auth_user_groups_user_id_group_id_94350c0c_uniq; Type: CONSTRAINT; Schema: public; Owner: postgres
--

ALTER TABLE ONLY public.auth_user_groups
    ADD CONSTRAINT auth_user_groups_user_id_group_id_94350c0c_uniq UNIQUE (user_id, group_id);


--
-- Name: auth_user auth_user_pkey; Type: CONSTRAINT; Schema: public; Owner: postgres
--

ALTER TABLE ONLY public.auth_user
    ADD CONSTRAINT auth_user_pkey PRIMARY KEY (id);


--
-- Name: auth_user_user_permissions auth_user_user_permissions_pkey; Type: CONSTRAINT; Schema: public; Owner: postgres
--

ALTER TABLE ONLY public.auth_user_user_permissions
    ADD CONSTRAINT auth_user_user_permissions_pkey PRIMARY KEY (id);


--
-- Name: auth_user_user_permissions auth_user_user_permissions_user_id_permission_id_14a6b632_uniq; Type: CONSTRAINT; Schema: public; Owner: postgres
--

ALTER TABLE ONLY public.auth_user_user_permissions
    ADD CONSTRAINT auth_user_user_permissions_user_id_permission_id_14a6b632_uniq UNIQUE (user_id, permission_id);


--
-- Name: auth_user auth_user_username_key; Type: CONSTRAINT; Schema: public; Owner: postgres
--

ALTER TABLE ONLY public.auth_user
    ADD CONSTRAINT auth_user_username_key UNIQUE (username);


--
-- Name: django_admin_log django_admin_log_pkey; Type: CONSTRAINT; Schema: public; Owner: postgres
--

ALTER TABLE ONLY public.django_admin_log
    ADD CONSTRAINT django_admin_log_pkey PRIMARY KEY (id);


--
-- Name: django_content_type django_content_type_app_label_model_76bd3d3b_uniq; Type: CONSTRAINT; Schema: public; Owner: postgres
--

ALTER TABLE ONLY public.django_content_type
    ADD CONSTRAINT django_content_type_app_label_model_76bd3d3b_uniq UNIQUE (app_label, model);


--
-- Name: django_content_type django_content_type_pkey; Type: CONSTRAINT; Schema: public; Owner: postgres
--

ALTER TABLE ONLY public.django_content_type
    ADD CONSTRAINT django_content_type_pkey PRIMARY KEY (id);


--
-- Name: django_migrations django_migrations_pkey; Type: CONSTRAINT; Schema: public; Owner: postgres
--

ALTER TABLE ONLY public.django_migrations
    ADD CONSTRAINT django_migrations_pkey PRIMARY KEY (id);


--
-- Name: django_session django_session_pkey; Type: CONSTRAINT; Schema: public; Owner: postgres
--

ALTER TABLE ONLY public.django_session
    ADD CONSTRAINT django_session_pkey PRIMARY KEY (session_key);


--
-- Name: token_blacklist_blacklistedtoken token_blacklist_blacklistedtoken_pkey; Type: CONSTRAINT; Schema: public; Owner: postgres
--

ALTER TABLE ONLY public.token_blacklist_blacklistedtoken
    ADD CONSTRAINT token_blacklist_blacklistedtoken_pkey PRIMARY KEY (id);


--
-- Name: token_blacklist_blacklistedtoken token_blacklist_blacklistedtoken_token_id_key; Type: CONSTRAINT; Schema: public; Owner: postgres
--

ALTER TABLE ONLY public.token_blacklist_blacklistedtoken
    ADD CONSTRAINT token_blacklist_blacklistedtoken_token_id_key UNIQUE (token_id);


--
-- Name: token_blacklist_outstandingtoken token_blacklist_outstandingtoken_jti_hex_d9bdf6f7_uniq; Type: CONSTRAINT; Schema: public; Owner: postgres
--

ALTER TABLE ONLY public.token_blacklist_outstandingtoken
    ADD CONSTRAINT token_blacklist_outstandingtoken_jti_hex_d9bdf6f7_uniq UNIQUE (jti);


--
-- Name: token_blacklist_outstandingtoken token_blacklist_outstandingtoken_pkey; Type: CONSTRAINT; Schema: public; Owner: postgres
--

ALTER TABLE ONLY public.token_blacklist_outstandingtoken
    ADD CONSTRAINT token_blacklist_outstandingtoken_pkey PRIMARY KEY (id);


--
-- Name: users users_pkey; Type: CONSTRAINT; Schema: public; Owner: postgres
--

ALTER TABLE ONLY public.users
    ADD CONSTRAINT users_pkey PRIMARY KEY (id);


--
-- Name: app_archiveloan_copy_id_53c61de6; Type: INDEX; Schema: public; Owner: postgres
--

CREATE INDEX app_archiveloan_copy_id_53c61de6 ON public.app_archiveloan USING btree (copy_id);


--
-- Name: app_archiveloan_user_id_0fc08fb2; Type: INDEX; Schema: public; Owner: postgres
--

CREATE INDEX app_archiveloan_user_id_0fc08fb2 ON public.app_archiveloan USING btree (user_id);


--
-- Name: app_book_authors_author_id_1549190a; Type: INDEX; Schema: public; Owner: postgres
--

CREATE INDEX app_book_authors_author_id_1549190a ON public.app_book_authors USING btree (author_id);


--
-- Name: app_book_authors_book_id_48d53112; Type: INDEX; Schema: public; Owner: postgres
--

CREATE INDEX app_book_authors_book_id_48d53112 ON public.app_book_authors USING btree (book_id);


--
-- Name: app_bookcopy_book_id_97e76696; Type: INDEX; Schema: public; Owner: postgres
--

CREATE INDEX app_bookcopy_book_id_97e76696 ON public.app_bookcopy USING btree (book_id);


--
-- Name: app_borrowedbook_copy_id_03ff2248; Type: INDEX; Schema: public; Owner: postgres
--

CREATE INDEX app_borrowedbook_copy_id_03ff2248 ON public.app_borrowedbook USING btree (copy_id);


--
-- Name: app_borrowedbook_user_id_3b8fc43b; Type: INDEX; Schema: public; Owner: postgres
--

CREATE INDEX app_borrowedbook_user_id_3b8fc43b ON public.app_borrowedbook USING btree (user_id);


--
-- Name: app_isbn_isbn_number_7122e92b_like; Type: INDEX; Schema: public; Owner: postgres
--

CREATE INDEX app_isbn_isbn_number_7122e92b_like ON public.app_isbn USING btree (isbn_number varchar_pattern_ops);


--
-- Name: app_reservedbook_copy_id_69f1c427; Type: INDEX; Schema: public; Owner: postgres
--

CREATE INDEX app_reservedbook_copy_id_69f1c427 ON public.app_reservedbook USING btree (copy_id);


--
-- Name: app_reservedbook_user_id_094f8d05; Type: INDEX; Schema: public; Owner: postgres
--

CREATE INDEX app_reservedbook_user_id_094f8d05 ON public.app_reservedbook USING btree (user_id);


--
-- Name: auth_group_name_a6ea08ec_like; Type: INDEX; Schema: public; Owner: postgres
--

CREATE INDEX auth_group_name_a6ea08ec_like ON public.auth_group USING btree (name varchar_pattern_ops);


--
-- Name: auth_group_permissions_group_id_b120cbf9; Type: INDEX; Schema: public; Owner: postgres
--

CREATE INDEX auth_group_permissions_group_id_b120cbf9 ON public.auth_group_permissions USING btree (group_id);


--
-- Name: auth_group_permissions_permission_id_84c5c92e; Type: INDEX; Schema: public; Owner: postgres
--

CREATE INDEX auth_group_permissions_permission_id_84c5c92e ON public.auth_group_permissions USING btree (permission_id);


--
-- Name: auth_permission_content_type_id_2f476e4b; Type: INDEX; Schema: public; Owner: postgres
--

CREATE INDEX auth_permission_content_type_id_2f476e4b ON public.auth_permission USING btree (content_type_id);


--
-- Name: auth_user_groups_group_id_97559544; Type: INDEX; Schema: public; Owner: postgres
--

CREATE INDEX auth_user_groups_group_id_97559544 ON public.auth_user_groups USING btree (group_id);


--
-- Name: auth_user_groups_user_id_6a12ed8b; Type: INDEX; Schema: public; Owner: postgres
--

CREATE INDEX auth_user_groups_user_id_6a12ed8b ON public.auth_user_groups USING btree (user_id);


--
-- Name: auth_user_user_permissions_permission_id_1fbb5f2c; Type: INDEX; Schema: public; Owner: postgres
--

CREATE INDEX auth_user_user_permissions_permission_id_1fbb5f2c ON public.auth_user_user_permissions USING btree (permission_id);


--
-- Name: auth_user_user_permissions_user_id_a95ead1b; Type: INDEX; Schema: public; Owner: postgres
--

CREATE INDEX auth_user_user_permissions_user_id_a95ead1b ON public.auth_user_user_permissions USING btree (user_id);


--
-- Name: auth_user_username_6821ab7c_like; Type: INDEX; Schema: public; Owner: postgres
--

CREATE INDEX auth_user_username_6821ab7c_like ON public.auth_user USING btree (username varchar_pattern_ops);


--
-- Name: django_admin_log_content_type_id_c4bce8eb; Type: INDEX; Schema: public; Owner: postgres
--

CREATE INDEX django_admin_log_content_type_id_c4bce8eb ON public.django_admin_log USING btree (content_type_id);


--
-- Name: django_admin_log_user_id_c564eba6; Type: INDEX; Schema: public; Owner: postgres
--

CREATE INDEX django_admin_log_user_id_c564eba6 ON public.django_admin_log USING btree (user_id);


--
-- Name: django_session_expire_date_a5c62663; Type: INDEX; Schema: public; Owner: postgres
--

CREATE INDEX django_session_expire_date_a5c62663 ON public.django_session USING btree (expire_date);


--
-- Name: django_session_session_key_c0390e0f_like; Type: INDEX; Schema: public; Owner: postgres
--

CREATE INDEX django_session_session_key_c0390e0f_like ON public.django_session USING btree (session_key varchar_pattern_ops);


--
-- Name: token_blacklist_outstandingtoken_jti_hex_d9bdf6f7_like; Type: INDEX; Schema: public; Owner: postgres
--

CREATE INDEX token_blacklist_outstandingtoken_jti_hex_d9bdf6f7_like ON public.token_blacklist_outstandingtoken USING btree (jti varchar_pattern_ops);


--
-- Name: token_blacklist_outstandingtoken_user_id_83bc629a; Type: INDEX; Schema: public; Owner: postgres
--

CREATE INDEX token_blacklist_outstandingtoken_user_id_83bc629a ON public.token_blacklist_outstandingtoken USING btree (user_id);


--
-- Name: app_archiveloan app_archiveloan_copy_id_53c61de6_fk_app_bookcopy_id; Type: FK CONSTRAINT; Schema: public; Owner: postgres
--

ALTER TABLE ONLY public.app_archiveloan
    ADD CONSTRAINT app_archiveloan_copy_id_53c61de6_fk_app_bookcopy_id FOREIGN KEY (copy_id) REFERENCES public.app_bookcopy(id) DEFERRABLE INITIALLY DEFERRED;


--
-- Name: app_archiveloan app_archiveloan_user_id_0fc08fb2_fk_auth_user_id; Type: FK CONSTRAINT; Schema: public; Owner: postgres
--

ALTER TABLE ONLY public.app_archiveloan
    ADD CONSTRAINT app_archiveloan_user_id_0fc08fb2_fk_auth_user_id FOREIGN KEY (user_id) REFERENCES public.auth_user(id) DEFERRABLE INITIALLY DEFERRED;


--
-- Name: app_book_authors app_book_authors_author_id_1549190a_fk_app_author_id; Type: FK CONSTRAINT; Schema: public; Owner: postgres
--

ALTER TABLE ONLY public.app_book_authors
    ADD CONSTRAINT app_book_authors_author_id_1549190a_fk_app_author_id FOREIGN KEY (author_id) REFERENCES public.app_author(id) DEFERRABLE INITIALLY DEFERRED;


--
-- Name: app_book_authors app_book_authors_book_id_48d53112_fk_app_book_id; Type: FK CONSTRAINT; Schema: public; Owner: postgres
--

ALTER TABLE ONLY public.app_book_authors
    ADD CONSTRAINT app_book_authors_book_id_48d53112_fk_app_book_id FOREIGN KEY (book_id) REFERENCES public.app_book(id) DEFERRABLE INITIALLY DEFERRED;


--
-- Name: app_book app_book_isbn_id_4b5467f9_fk_app_isbn_id; Type: FK CONSTRAINT; Schema: public; Owner: postgres
--

ALTER TABLE ONLY public.app_book
    ADD CONSTRAINT app_book_isbn_id_4b5467f9_fk_app_isbn_id FOREIGN KEY (isbn_id) REFERENCES public.app_isbn(id) DEFERRABLE INITIALLY DEFERRED;


--
-- Name: app_bookcopy app_bookcopy_book_id_97e76696_fk_app_book_id; Type: FK CONSTRAINT; Schema: public; Owner: postgres
--

ALTER TABLE ONLY public.app_bookcopy
    ADD CONSTRAINT app_bookcopy_book_id_97e76696_fk_app_book_id FOREIGN KEY (book_id) REFERENCES public.app_book(id) DEFERRABLE INITIALLY DEFERRED;


--
-- Name: app_borrowedbook app_borrowedbook_copy_id_03ff2248_fk_app_bookcopy_id; Type: FK CONSTRAINT; Schema: public; Owner: postgres
--

ALTER TABLE ONLY public.app_borrowedbook
    ADD CONSTRAINT app_borrowedbook_copy_id_03ff2248_fk_app_bookcopy_id FOREIGN KEY (copy_id) REFERENCES public.app_bookcopy(id) DEFERRABLE INITIALLY DEFERRED;


--
-- Name: app_borrowedbook app_borrowedbook_user_id_3b8fc43b_fk_auth_user_id; Type: FK CONSTRAINT; Schema: public; Owner: postgres
--

ALTER TABLE ONLY public.app_borrowedbook
    ADD CONSTRAINT app_borrowedbook_user_id_3b8fc43b_fk_auth_user_id FOREIGN KEY (user_id) REFERENCES public.auth_user(id) DEFERRABLE INITIALLY DEFERRED;


--
-- Name: app_reservedbook app_reservedbook_copy_id_69f1c427_fk_app_bookcopy_id; Type: FK CONSTRAINT; Schema: public; Owner: postgres
--

ALTER TABLE ONLY public.app_reservedbook
    ADD CONSTRAINT app_reservedbook_copy_id_69f1c427_fk_app_bookcopy_id FOREIGN KEY (copy_id) REFERENCES public.app_bookcopy(id) DEFERRABLE INITIALLY DEFERRED;


--
-- Name: app_reservedbook app_reservedbook_user_id_094f8d05_fk_auth_user_id; Type: FK CONSTRAINT; Schema: public; Owner: postgres
--

ALTER TABLE ONLY public.app_reservedbook
    ADD CONSTRAINT app_reservedbook_user_id_094f8d05_fk_auth_user_id FOREIGN KEY (user_id) REFERENCES public.auth_user(id) DEFERRABLE INITIALLY DEFERRED;


--
-- Name: auth_group_permissions auth_group_permissio_permission_id_84c5c92e_fk_auth_perm; Type: FK CONSTRAINT; Schema: public; Owner: postgres
--

ALTER TABLE ONLY public.auth_group_permissions
    ADD CONSTRAINT auth_group_permissio_permission_id_84c5c92e_fk_auth_perm FOREIGN KEY (permission_id) REFERENCES public.auth_permission(id) DEFERRABLE INITIALLY DEFERRED;


--
-- Name: auth_group_permissions auth_group_permissions_group_id_b120cbf9_fk_auth_group_id; Type: FK CONSTRAINT; Schema: public; Owner: postgres
--

ALTER TABLE ONLY public.auth_group_permissions
    ADD CONSTRAINT auth_group_permissions_group_id_b120cbf9_fk_auth_group_id FOREIGN KEY (group_id) REFERENCES public.auth_group(id) DEFERRABLE INITIALLY DEFERRED;


--
-- Name: auth_permission auth_permission_content_type_id_2f476e4b_fk_django_co; Type: FK CONSTRAINT; Schema: public; Owner: postgres
--

ALTER TABLE ONLY public.auth_permission
    ADD CONSTRAINT auth_permission_content_type_id_2f476e4b_fk_django_co FOREIGN KEY (content_type_id) REFERENCES public.django_content_type(id) DEFERRABLE INITIALLY DEFERRED;


--
-- Name: auth_user_groups auth_user_groups_group_id_97559544_fk_auth_group_id; Type: FK CONSTRAINT; Schema: public; Owner: postgres
--

ALTER TABLE ONLY public.auth_user_groups
    ADD CONSTRAINT auth_user_groups_group_id_97559544_fk_auth_group_id FOREIGN KEY (group_id) REFERENCES public.auth_group(id) DEFERRABLE INITIALLY DEFERRED;


--
-- Name: auth_user_groups auth_user_groups_user_id_6a12ed8b_fk_auth_user_id; Type: FK CONSTRAINT; Schema: public; Owner: postgres
--

ALTER TABLE ONLY public.auth_user_groups
    ADD CONSTRAINT auth_user_groups_user_id_6a12ed8b_fk_auth_user_id FOREIGN KEY (user_id) REFERENCES public.auth_user(id) DEFERRABLE INITIALLY DEFERRED;


--
-- Name: auth_user_user_permissions auth_user_user_permi_permission_id_1fbb5f2c_fk_auth_perm; Type: FK CONSTRAINT; Schema: public; Owner: postgres
--

ALTER TABLE ONLY public.auth_user_user_permissions
    ADD CONSTRAINT auth_user_user_permi_permission_id_1fbb5f2c_fk_auth_perm FOREIGN KEY (permission_id) REFERENCES public.auth_permission(id) DEFERRABLE INITIALLY DEFERRED;


--
-- Name: auth_user_user_permissions auth_user_user_permissions_user_id_a95ead1b_fk_auth_user_id; Type: FK CONSTRAINT; Schema: public; Owner: postgres
--

ALTER TABLE ONLY public.auth_user_user_permissions
    ADD CONSTRAINT auth_user_user_permissions_user_id_a95ead1b_fk_auth_user_id FOREIGN KEY (user_id) REFERENCES public.auth_user(id) DEFERRABLE INITIALLY DEFERRED;


--
-- Name: django_admin_log django_admin_log_content_type_id_c4bce8eb_fk_django_co; Type: FK CONSTRAINT; Schema: public; Owner: postgres
--

ALTER TABLE ONLY public.django_admin_log
    ADD CONSTRAINT django_admin_log_content_type_id_c4bce8eb_fk_django_co FOREIGN KEY (content_type_id) REFERENCES public.django_content_type(id) DEFERRABLE INITIALLY DEFERRED;


--
-- Name: django_admin_log django_admin_log_user_id_c564eba6_fk_auth_user_id; Type: FK CONSTRAINT; Schema: public; Owner: postgres
--

ALTER TABLE ONLY public.django_admin_log
    ADD CONSTRAINT django_admin_log_user_id_c564eba6_fk_auth_user_id FOREIGN KEY (user_id) REFERENCES public.auth_user(id) DEFERRABLE INITIALLY DEFERRED;


--
-- Name: token_blacklist_blacklistedtoken token_blacklist_blacklistedtoken_token_id_3cc7fe56_fk; Type: FK CONSTRAINT; Schema: public; Owner: postgres
--

ALTER TABLE ONLY public.token_blacklist_blacklistedtoken
    ADD CONSTRAINT token_blacklist_blacklistedtoken_token_id_3cc7fe56_fk FOREIGN KEY (token_id) REFERENCES public.token_blacklist_outstandingtoken(id) DEFERRABLE INITIALLY DEFERRED;


--
-- Name: token_blacklist_outstandingtoken token_blacklist_outs_user_id_83bc629a_fk_auth_user; Type: FK CONSTRAINT; Schema: public; Owner: postgres
--

ALTER TABLE ONLY public.token_blacklist_outstandingtoken
    ADD CONSTRAINT token_blacklist_outs_user_id_83bc629a_fk_auth_user FOREIGN KEY (user_id) REFERENCES public.auth_user(id) DEFERRABLE INITIALLY DEFERRED;


--
-- PostgreSQL database dump complete
--

