--
-- PostgreSQL database dump
--

-- Dumped from database version 16.1
-- Dumped by pg_dump version 16.1

SET statement_timeout = 0;
SET lock_timeout = 0;
SET idle_in_transaction_session_timeout = 0;
SET client_encoding = 'UTF8';
SET standard_conforming_strings = on;
SELECT pg_catalog.set_config('search_path', '', false);
SET check_function_bodies = false;
SET xmloption = content;
SET client_min_messages = warning;
SET row_security = off;

--
-- Name: schema_name; Type: SCHEMA; Schema: -; Owner: postgres
--

CREATE SCHEMA schema_name;


ALTER SCHEMA schema_name OWNER TO postgres;

SET default_tablespace = '';

SET default_table_access_method = heap;

--
-- Name: app_archiveloan; Type: TABLE; Schema: public; Owner: postgres
--

CREATE TABLE public.app_archiveloan (
    id bigint NOT NULL,
    borrowed_date date NOT NULL,
    expected_return_date date NOT NULL,
    actual_return_date date,
    copy_id bigint NOT NULL,
    user_id integer NOT NULL
);


ALTER TABLE public.app_archiveloan OWNER TO postgres;

--
-- Name: app_archiveloan_id_seq; Type: SEQUENCE; Schema: public; Owner: postgres
--

ALTER TABLE public.app_archiveloan ALTER COLUMN id ADD GENERATED BY DEFAULT AS IDENTITY (
    SEQUENCE NAME public.app_archiveloan_id_seq
    START WITH 1
    INCREMENT BY 1
    NO MINVALUE
    NO MAXVALUE
    CACHE 1
);


--
-- Name: app_author; Type: TABLE; Schema: public; Owner: postgres
--

CREATE TABLE public.app_author (
    id bigint NOT NULL,
    name character varying(255) NOT NULL
);


ALTER TABLE public.app_author OWNER TO postgres;

--
-- Name: app_author_id_seq; Type: SEQUENCE; Schema: public; Owner: postgres
--

ALTER TABLE public.app_author ALTER COLUMN id ADD GENERATED BY DEFAULT AS IDENTITY (
    SEQUENCE NAME public.app_author_id_seq
    START WITH 1
    INCREMENT BY 1
    NO MINVALUE
    NO MAXVALUE
    CACHE 1
);


--
-- Name: app_book; Type: TABLE; Schema: public; Owner: postgres
--

CREATE TABLE public.app_book (
    id bigint NOT NULL,
    title character varying(255) NOT NULL,
    "publicationYear" integer NOT NULL,
    genre character varying(100) NOT NULL,
    availability boolean NOT NULL,
    stock integer NOT NULL,
    image character varying(255),
    isbn_id bigint
);


ALTER TABLE public.app_book OWNER TO postgres;

--
-- Name: app_book_authors; Type: TABLE; Schema: public; Owner: postgres
--

CREATE TABLE public.app_book_authors (
    id bigint NOT NULL,
    book_id bigint NOT NULL,
    author_id bigint NOT NULL
);


ALTER TABLE public.app_book_authors OWNER TO postgres;

--
-- Name: app_book_authors_id_seq; Type: SEQUENCE; Schema: public; Owner: postgres
--

ALTER TABLE public.app_book_authors ALTER COLUMN id ADD GENERATED BY DEFAULT AS IDENTITY (
    SEQUENCE NAME public.app_book_authors_id_seq
    START WITH 1
    INCREMENT BY 1
    NO MINVALUE
    NO MAXVALUE
    CACHE 1
);


--
-- Name: app_book_id_seq; Type: SEQUENCE; Schema: public; Owner: postgres
--

ALTER TABLE public.app_book ALTER COLUMN id ADD GENERATED BY DEFAULT AS IDENTITY (
    SEQUENCE NAME public.app_book_id_seq
    START WITH 1
    INCREMENT BY 1
    NO MINVALUE
    NO MAXVALUE
    CACHE 1
);


--
-- Name: app_bookcopy; Type: TABLE; Schema: public; Owner: postgres
--

CREATE TABLE public.app_bookcopy (
    id bigint NOT NULL,
    status character varying(50) NOT NULL,
    book_id bigint NOT NULL
);


ALTER TABLE public.app_bookcopy OWNER TO postgres;

--
-- Name: app_bookcopy_id_seq; Type: SEQUENCE; Schema: public; Owner: postgres
--

ALTER TABLE public.app_bookcopy ALTER COLUMN id ADD GENERATED BY DEFAULT AS IDENTITY (
    SEQUENCE NAME public.app_bookcopy_id_seq
    START WITH 1
    INCREMENT BY 1
    NO MINVALUE
    NO MAXVALUE
    CACHE 1
);


--
-- Name: app_borrowedbook; Type: TABLE; Schema: public; Owner: postgres
--

CREATE TABLE public.app_borrowedbook (
    id bigint NOT NULL,
    borrowed_date date NOT NULL,
    expected_return_date date NOT NULL,
    actual_return_date date,
    copy_id bigint NOT NULL,
    user_id integer NOT NULL
);


ALTER TABLE public.app_borrowedbook OWNER TO postgres;

--
-- Name: app_borrowedbook_id_seq; Type: SEQUENCE; Schema: public; Owner: postgres
--

ALTER TABLE public.app_borrowedbook ALTER COLUMN id ADD GENERATED BY DEFAULT AS IDENTITY (
    SEQUENCE NAME public.app_borrowedbook_id_seq
    START WITH 1
    INCREMENT BY 1
    NO MINVALUE
    NO MAXVALUE
    CACHE 1
);


--
-- Name: app_isbn; Type: TABLE; Schema: public; Owner: postgres
--

CREATE TABLE public.app_isbn (
    id bigint NOT NULL,
    isbn_number character varying(13) NOT NULL
);


ALTER TABLE public.app_isbn OWNER TO postgres;

--
-- Name: app_isbn_id_seq; Type: SEQUENCE; Schema: public; Owner: postgres
--

ALTER TABLE public.app_isbn ALTER COLUMN id ADD GENERATED BY DEFAULT AS IDENTITY (
    SEQUENCE NAME public.app_isbn_id_seq
    START WITH 1
    INCREMENT BY 1
    NO MINVALUE
    NO MAXVALUE
    CACHE 1
);


--
-- Name: app_reservedbook; Type: TABLE; Schema: public; Owner: postgres
--

CREATE TABLE public.app_reservedbook (
    id bigint NOT NULL,
    reservation date NOT NULL,
    reservation_end boolean NOT NULL,
    copy_id bigint NOT NULL,
    user_id integer NOT NULL
);


ALTER TABLE public.app_reservedbook OWNER TO postgres;

--
-- Name: app_reservedbook_id_seq; Type: SEQUENCE; Schema: public; Owner: postgres
--

ALTER TABLE public.app_reservedbook ALTER COLUMN id ADD GENERATED BY DEFAULT AS IDENTITY (
    SEQUENCE NAME public.app_reservedbook_id_seq
    START WITH 1
    INCREMENT BY 1
    NO MINVALUE
    NO MAXVALUE
    CACHE 1
);


--
-- Name: auth_group; Type: TABLE; Schema: public; Owner: postgres
--

CREATE TABLE public.auth_group (
    id integer NOT NULL,
    name character varying(150) NOT NULL
);


ALTER TABLE public.auth_group OWNER TO postgres;

--
-- Name: auth_group_id_seq; Type: SEQUENCE; Schema: public; Owner: postgres
--

ALTER TABLE public.auth_group ALTER COLUMN id ADD GENERATED BY DEFAULT AS IDENTITY (
    SEQUENCE NAME public.auth_group_id_seq
    START WITH 1
    INCREMENT BY 1
    NO MINVALUE
    NO MAXVALUE
    CACHE 1
);


--
-- Name: auth_group_permissions; Type: TABLE; Schema: public; Owner: postgres
--

CREATE TABLE public.auth_group_permissions (
    id bigint NOT NULL,
    group_id integer NOT NULL,
    permission_id integer NOT NULL
);


ALTER TABLE public.auth_group_permissions OWNER TO postgres;

--
-- Name: auth_group_permissions_id_seq; Type: SEQUENCE; Schema: public; Owner: postgres
--

ALTER TABLE public.auth_group_permissions ALTER COLUMN id ADD GENERATED BY DEFAULT AS IDENTITY (
    SEQUENCE NAME public.auth_group_permissions_id_seq
    START WITH 1
    INCREMENT BY 1
    NO MINVALUE
    NO MAXVALUE
    CACHE 1
);


--
-- Name: auth_permission; Type: TABLE; Schema: public; Owner: postgres
--

CREATE TABLE public.auth_permission (
    id integer NOT NULL,
    name character varying(255) NOT NULL,
    content_type_id integer NOT NULL,
    codename character varying(100) NOT NULL
);


ALTER TABLE public.auth_permission OWNER TO postgres;

--
-- Name: auth_permission_id_seq; Type: SEQUENCE; Schema: public; Owner: postgres
--

ALTER TABLE public.auth_permission ALTER COLUMN id ADD GENERATED BY DEFAULT AS IDENTITY (
    SEQUENCE NAME public.auth_permission_id_seq
    START WITH 1
    INCREMENT BY 1
    NO MINVALUE
    NO MAXVALUE
    CACHE 1
);


--
-- Name: auth_user; Type: TABLE; Schema: public; Owner: postgres
--

CREATE TABLE public.auth_user (
    id integer NOT NULL,
    password character varying(128) NOT NULL,
    last_login timestamp with time zone,
    is_superuser boolean NOT NULL,
    username character varying(150) NOT NULL,
    first_name character varying(150) NOT NULL,
    last_name character varying(150) NOT NULL,
    email character varying(254) NOT NULL,
    is_staff boolean NOT NULL,
    is_active boolean NOT NULL,
    date_joined timestamp with time zone NOT NULL
);


ALTER TABLE public.auth_user OWNER TO postgres;

--
-- Name: auth_user_groups; Type: TABLE; Schema: public; Owner: postgres
--

CREATE TABLE public.auth_user_groups (
    id bigint NOT NULL,
    user_id integer NOT NULL,
    group_id integer NOT NULL
);


ALTER TABLE public.auth_user_groups OWNER TO postgres;

--
-- Name: auth_user_groups_id_seq; Type: SEQUENCE; Schema: public; Owner: postgres
--

ALTER TABLE public.auth_user_groups ALTER COLUMN id ADD GENERATED BY DEFAULT AS IDENTITY (
    SEQUENCE NAME public.auth_user_groups_id_seq
    START WITH 1
    INCREMENT BY 1
    NO MINVALUE
    NO MAXVALUE
    CACHE 1
);


--
-- Name: auth_user_id_seq; Type: SEQUENCE; Schema: public; Owner: postgres
--

ALTER TABLE public.auth_user ALTER COLUMN id ADD GENERATED BY DEFAULT AS IDENTITY (
    SEQUENCE NAME public.auth_user_id_seq
    START WITH 1
    INCREMENT BY 1
    NO MINVALUE
    NO MAXVALUE
    CACHE 1
);


--
-- Name: auth_user_user_permissions; Type: TABLE; Schema: public; Owner: postgres
--

CREATE TABLE public.auth_user_user_permissions (
    id bigint NOT NULL,
    user_id integer NOT NULL,
    permission_id integer NOT NULL
);


ALTER TABLE public.auth_user_user_permissions OWNER TO postgres;

--
-- Name: auth_user_user_permissions_id_seq; Type: SEQUENCE; Schema: public; Owner: postgres
--

ALTER TABLE public.auth_user_user_permissions ALTER COLUMN id ADD GENERATED BY DEFAULT AS IDENTITY (
    SEQUENCE NAME public.auth_user_user_permissions_id_seq
    START WITH 1
    INCREMENT BY 1
    NO MINVALUE
    NO MAXVALUE
    CACHE 1
);


--
-- Name: books; Type: TABLE; Schema: public; Owner: postgres
--

CREATE TABLE public.books (
    id integer NOT NULL,
    title character varying(255),
    publicationyear integer,
    genre character varying(100),
    availability boolean DEFAULT true,
    stock integer,
    image character varying(255)
);


ALTER TABLE public.books OWNER TO postgres;

--
-- Name: books_id_seq; Type: SEQUENCE; Schema: public; Owner: postgres
--

CREATE SEQUENCE public.books_id_seq
    AS integer
    START WITH 1
    INCREMENT BY 1
    NO MINVALUE
    NO MAXVALUE
    CACHE 1;


ALTER SEQUENCE public.books_id_seq OWNER TO postgres;

--
-- Name: books_id_seq; Type: SEQUENCE OWNED BY; Schema: public; Owner: postgres
--

ALTER SEQUENCE public.books_id_seq OWNED BY public.books.id;


--
-- Name: django_admin_log; Type: TABLE; Schema: public; Owner: postgres
--

CREATE TABLE public.django_admin_log (
    id integer NOT NULL,
    action_time timestamp with time zone NOT NULL,
    object_id text,
    object_repr character varying(200) NOT NULL,
    action_flag smallint NOT NULL,
    change_message text NOT NULL,
    content_type_id integer,
    user_id integer NOT NULL,
    CONSTRAINT django_admin_log_action_flag_check CHECK ((action_flag >= 0))
);


ALTER TABLE public.django_admin_log OWNER TO postgres;

--
-- Name: django_admin_log_id_seq; Type: SEQUENCE; Schema: public; Owner: postgres
--

ALTER TABLE public.django_admin_log ALTER COLUMN id ADD GENERATED BY DEFAULT AS IDENTITY (
    SEQUENCE NAME public.django_admin_log_id_seq
    START WITH 1
    INCREMENT BY 1
    NO MINVALUE
    NO MAXVALUE
    CACHE 1
);


--
-- Name: django_content_type; Type: TABLE; Schema: public; Owner: postgres
--

CREATE TABLE public.django_content_type (
    id integer NOT NULL,
    app_label character varying(100) NOT NULL,
    model character varying(100) NOT NULL
);


ALTER TABLE public.django_content_type OWNER TO postgres;

--
-- Name: django_content_type_id_seq; Type: SEQUENCE; Schema: public; Owner: postgres
--

ALTER TABLE public.django_content_type ALTER COLUMN id ADD GENERATED BY DEFAULT AS IDENTITY (
    SEQUENCE NAME public.django_content_type_id_seq
    START WITH 1
    INCREMENT BY 1
    NO MINVALUE
    NO MAXVALUE
    CACHE 1
);


--
-- Name: django_migrations; Type: TABLE; Schema: public; Owner: postgres
--

CREATE TABLE public.django_migrations (
    id bigint NOT NULL,
    app character varying(255) NOT NULL,
    name character varying(255) NOT NULL,
    applied timestamp with time zone NOT NULL
);


ALTER TABLE public.django_migrations OWNER TO postgres;

--
-- Name: django_migrations_id_seq; Type: SEQUENCE; Schema: public; Owner: postgres
--

ALTER TABLE public.django_migrations ALTER COLUMN id ADD GENERATED BY DEFAULT AS IDENTITY (
    SEQUENCE NAME public.django_migrations_id_seq
    START WITH 1
    INCREMENT BY 1
    NO MINVALUE
    NO MAXVALUE
    CACHE 1
);


--
-- Name: django_session; Type: TABLE; Schema: public; Owner: postgres
--

CREATE TABLE public.django_session (
    session_key character varying(40) NOT NULL,
    session_data text NOT NULL,
    expire_date timestamp with time zone NOT NULL
);


ALTER TABLE public.django_session OWNER TO postgres;

--
-- Name: table_name; Type: TABLE; Schema: public; Owner: postgres
--

CREATE TABLE public.table_name (
);


ALTER TABLE public.table_name OWNER TO postgres;

--
-- Name: token_blacklist_blacklistedtoken; Type: TABLE; Schema: public; Owner: postgres
--

CREATE TABLE public.token_blacklist_blacklistedtoken (
    id bigint NOT NULL,
    blacklisted_at timestamp with time zone NOT NULL,
    token_id bigint NOT NULL
);


ALTER TABLE public.token_blacklist_blacklistedtoken OWNER TO postgres;

--
-- Name: token_blacklist_blacklistedtoken_id_seq; Type: SEQUENCE; Schema: public; Owner: postgres
--

ALTER TABLE public.token_blacklist_blacklistedtoken ALTER COLUMN id ADD GENERATED BY DEFAULT AS IDENTITY (
    SEQUENCE NAME public.token_blacklist_blacklistedtoken_id_seq
    START WITH 1
    INCREMENT BY 1
    NO MINVALUE
    NO MAXVALUE
    CACHE 1
);


--
-- Name: token_blacklist_outstandingtoken; Type: TABLE; Schema: public; Owner: postgres
--

CREATE TABLE public.token_blacklist_outstandingtoken (
    id bigint NOT NULL,
    token text NOT NULL,
    created_at timestamp with time zone,
    expires_at timestamp with time zone NOT NULL,
    user_id integer,
    jti character varying(255) NOT NULL
);


ALTER TABLE public.token_blacklist_outstandingtoken OWNER TO postgres;

--
-- Name: token_blacklist_outstandingtoken_id_seq; Type: SEQUENCE; Schema: public; Owner: postgres
--

ALTER TABLE public.token_blacklist_outstandingtoken ALTER COLUMN id ADD GENERATED BY DEFAULT AS IDENTITY (
    SEQUENCE NAME public.token_blacklist_outstandingtoken_id_seq
    START WITH 1
    INCREMENT BY 1
    NO MINVALUE
    NO MAXVALUE
    CACHE 1
);


--
-- Name: users; Type: TABLE; Schema: public; Owner: postgres
--

CREATE TABLE public.users (
    id integer NOT NULL,
    email character varying(255),
    password character varying(255)
);


ALTER TABLE public.users OWNER TO postgres;

--
-- Name: users_id_seq; Type: SEQUENCE; Schema: public; Owner: postgres
--

CREATE SEQUENCE public.users_id_seq
    AS integer
    START WITH 1
    INCREMENT BY 1
    NO MINVALUE
    NO MAXVALUE
    CACHE 1;


ALTER SEQUENCE public.users_id_seq OWNER TO postgres;

--
-- Name: users_id_seq; Type: SEQUENCE OWNED BY; Schema: public; Owner: postgres
--

ALTER SEQUENCE public.users_id_seq OWNED BY public.users.id;


--
-- Name: books id; Type: DEFAULT; Schema: public; Owner: postgres
--

ALTER TABLE ONLY public.books ALTER COLUMN id SET DEFAULT nextval('public.books_id_seq'::regclass);


--
-- Name: users id; Type: DEFAULT; Schema: public; Owner: postgres
--

ALTER TABLE ONLY public.users ALTER COLUMN id SET DEFAULT nextval('public.users_id_seq'::regclass);


--
-- Data for Name: app_archiveloan; Type: TABLE DATA; Schema: public; Owner: postgres
--

COPY public.app_archiveloan (id, borrowed_date, expected_return_date, actual_return_date, copy_id, user_id) FROM stdin;
\.


--
-- Data for Name: app_author; Type: TABLE DATA; Schema: public; Owner: postgres
--

COPY public.app_author (id, name) FROM stdin;
\.


--
-- Data for Name: app_book; Type: TABLE DATA; Schema: public; Owner: postgres
--

COPY public.app_book (id, title, "publicationYear", genre, availability, stock, image, isbn_id) FROM stdin;
10	Grudzień	2023	Dramacik	f	1	images/1_czerr.png	\N
13	Dziady	2023	Dramat	f	2	images/3_Króli.PNG	\N
14	Ktoś	2023	Ksiązkowy	f	3	images/2_sty.png	\N
15	sadasd	1802	Science-fiction	f	3	images/2_stycznia.png	\N
\.


--
-- Data for Name: app_book_authors; Type: TABLE DATA; Schema: public; Owner: postgres
--

COPY public.app_book_authors (id, book_id, author_id) FROM stdin;
\.


--
-- Data for Name: app_bookcopy; Type: TABLE DATA; Schema: public; Owner: postgres
--

COPY public.app_bookcopy (id, status, book_id) FROM stdin;
\.


--
-- Data for Name: app_borrowedbook; Type: TABLE DATA; Schema: public; Owner: postgres
--

COPY public.app_borrowedbook (id, borrowed_date, expected_return_date, actual_return_date, copy_id, user_id) FROM stdin;
\.


--
-- Data for Name: app_isbn; Type: TABLE DATA; Schema: public; Owner: postgres
--

COPY public.app_isbn (id, isbn_number) FROM stdin;
\.


--
-- Data for Name: app_reservedbook; Type: TABLE DATA; Schema: public; Owner: postgres
--

COPY public.app_reservedbook (id, reservation, reservation_end, copy_id, user_id) FROM stdin;
\.


--
-- Data for Name: auth_group; Type: TABLE DATA; Schema: public; Owner: postgres
--

COPY public.auth_group (id, name) FROM stdin;
\.


--
-- Data for Name: auth_group_permissions; Type: TABLE DATA; Schema: public; Owner: postgres
--

COPY public.auth_group_permissions (id, group_id, permission_id) FROM stdin;
\.


--
-- Data for Name: auth_permission; Type: TABLE DATA; Schema: public; Owner: postgres
--

COPY public.auth_permission (id, name, content_type_id, codename) FROM stdin;
1	Can add log entry	1	add_logentry
2	Can change log entry	1	change_logentry
3	Can delete log entry	1	delete_logentry
4	Can view log entry	1	view_logentry
5	Can add permission	2	add_permission
6	Can change permission	2	change_permission
7	Can delete permission	2	delete_permission
8	Can view permission	2	view_permission
9	Can add group	3	add_group
10	Can change group	3	change_group
11	Can delete group	3	delete_group
12	Can view group	3	view_group
13	Can add user	4	add_user
14	Can change user	4	change_user
15	Can delete user	4	delete_user
16	Can view user	4	view_user
17	Can add content type	5	add_contenttype
18	Can change content type	5	change_contenttype
19	Can delete content type	5	delete_contenttype
20	Can view content type	5	view_contenttype
21	Can add session	6	add_session
22	Can change session	6	change_session
23	Can delete session	6	delete_session
24	Can view session	6	view_session
25	Can add book	7	add_book
26	Can change book	7	change_book
27	Can delete book	7	delete_book
28	Can view book	7	view_book
29	Can add blacklisted token	8	add_blacklistedtoken
30	Can change blacklisted token	8	change_blacklistedtoken
31	Can delete blacklisted token	8	delete_blacklistedtoken
32	Can view blacklisted token	8	view_blacklistedtoken
33	Can add outstanding token	9	add_outstandingtoken
34	Can change outstanding token	9	change_outstandingtoken
35	Can delete outstanding token	9	delete_outstandingtoken
36	Can view outstanding token	9	view_outstandingtoken
37	Can add book author	10	add_bookauthor
38	Can change book author	10	change_bookauthor
39	Can delete book author	10	delete_bookauthor
40	Can view book author	10	view_bookauthor
41	Can add author	11	add_author
42	Can change author	11	change_author
43	Can delete author	11	delete_author
44	Can view author	11	view_author
45	Can add archive loan	12	add_archiveloan
46	Can change archive loan	12	change_archiveloan
47	Can delete archive loan	12	delete_archiveloan
48	Can view archive loan	12	view_archiveloan
49	Can add book copy	13	add_bookcopy
50	Can change book copy	13	change_bookcopy
51	Can delete book copy	13	delete_bookcopy
52	Can view book copy	13	view_bookcopy
53	Can add borrowed book	14	add_borrowedbook
54	Can change borrowed book	14	change_borrowedbook
55	Can delete borrowed book	14	delete_borrowedbook
56	Can view borrowed book	14	view_borrowedbook
57	Can add reserved book	15	add_reservedbook
58	Can change reserved book	15	change_reservedbook
59	Can delete reserved book	15	delete_reservedbook
60	Can view reserved book	15	view_reservedbook
61	Can add isbn	16	add_isbn
62	Can change isbn	16	change_isbn
63	Can delete isbn	16	delete_isbn
64	Can view isbn	16	view_isbn
\.


--
-- Data for Name: auth_user; Type: TABLE DATA; Schema: public; Owner: postgres
--

COPY public.auth_user (id, password, last_login, is_superuser, username, first_name, last_name, email, is_staff, is_active, date_joined) FROM stdin;
2	pbkdf2_sha256$600000$CZT69CVoqGL3MzcnO4kKJV$F3aDVaypu3LFqU8Ex2o1yhTHWRwBfIofGk4qa7YqA4w=	\N	f	uzytkownik			user@mail.com	f	t	2023-11-18 16:34:46+01
3	pbkdf2_sha256$600000$nKqvzbnuFN7BdwhEETqwEz$KXLzkN9fi4JKPhvcRl/Fc9ZqDLPQv4CkyOL/2azXH9k=	\N	f	uzytkownik2@mail.com				f	t	2023-11-18 16:56:27.218391+01
5	pbkdf2_sha256$600000$3o61jRDbhGgkSAJABj5kBE$AoAGBb79hEquYOEDofCJspf9KGPAcSScMUjY5x7o7fE=	\N	f	newuser			newuser@example.com	f	t	2023-12-15 20:04:57.845402+01
4	pbkdf2_sha256$600000$bGbszSC2F9R6YT8JgQWcUi$xSNVKqNU41nWqFltjJPFOqBdvAUAlPV8IMEm4ilxvxY=	2023-12-15 20:05:16.608304+01	t	pzimi				t	t	2023-12-15 17:48:17.837015+01
6	pbkdf2_sha256$600000$OPNEoaHz5JlzNNRHccD8lA$lsr690/zuJDrITKFI+ZyYcfCUiYNMPqhTV7fISWTctU=	\N	f	w@com.pl			w@com.pl	f	t	2023-12-15 20:06:21.607969+01
7	pbkdf2_sha256$600000$OtdWaC7GkwjCX05lQxqjVB$bZ3ONK2MWVOcT74LlRcJyLHr2YQFmdpXLinpwaCw9B4=	\N	f	janek@janek.pl			janek@janek.pl	f	t	2023-12-15 20:08:37.165322+01
8	pbkdf2_sha256$600000$bePUUshtxZasItIERtizhO$nILHiZc6KNfDPZCDeCjOx4U0fsJ3OqdRPWOxjNPZihw=	\N	f	adam@adam.com			adam@adam.com	f	t	2023-12-20 18:53:06.66751+01
9	pbkdf2_sha256$600000$ckJQxSKakAnMU7A61kJNyV$3MuHEvF/0FOt1SM4FA2rajIJDYMTrg1zoH/wWQexAZg=	\N	f	adama@adam.com			adama@adam.com	f	t	2023-12-20 18:54:42.737411+01
10	pbkdf2_sha256$600000$ML0NZ5PmGnU0QTLxpOhzXJ$W0dSXboRvEvaPEiRgeQ//BVm7qdLno6Jv4kKfwJONkw=	\N	f	mail@gmail.com			mail@gmail.com	f	t	2023-12-20 19:21:32.275778+01
11	pbkdf2_sha256$600000$OjIVpkxunbZU3nE7moxGRy$Z6B1S749DXUSYelrcB1jxRz1VIf+4y7Rm84iXRb3rFs=	\N	f	aplik@gmail.com			aplik@gmail.com	f	t	2023-12-22 12:34:50.693971+01
12	pbkdf2_sha256$600000$69IWJ3rc7cSeZq2LueHdDT$1tQ71dxW0KeyUPiqB6ND7+coTsEYNL3hpm0joJikPYY=	\N	f	fajnychlopaczek@buziaczek.pl			fajnychlopaczek@buziaczek.pl	f	t	2024-01-16 18:27:39.564031+01
1	pbkdf2_sha256$600000$AY9yQPyB3POJQs3SNjwXsc$SqrGPQ1qHWW5nU2LsUki4RYDXFCvNrBZlNLXWgCR3Fo=	2024-01-18 17:55:58.9417+01	t	zimmer			p.zimirski@gmail.com	t	t	2023-11-03 16:11:41.169504+01
13	pbkdf2_sha256$600000$jvEF0o5IV2ySWsDF0pdJ9X$RjUt74ssk858d02o/qb+nv3F01LxllpZjMBu4axGNGc=	\N	f	haus@haus.com	Andrzej	Haus	haus@haus.com	f	t	2024-01-19 17:48:33.955413+01
\.


--
-- Data for Name: auth_user_groups; Type: TABLE DATA; Schema: public; Owner: postgres
--

COPY public.auth_user_groups (id, user_id, group_id) FROM stdin;
\.


--
-- Data for Name: auth_user_user_permissions; Type: TABLE DATA; Schema: public; Owner: postgres
--

COPY public.auth_user_user_permissions (id, user_id, permission_id) FROM stdin;
\.


--
-- Data for Name: books; Type: TABLE DATA; Schema: public; Owner: postgres
--

COPY public.books (id, title, publicationyear, genre, availability, stock, image) FROM stdin;
1	Dziady	2010	Dramat	t	1	\N
2	Nowy wspaniały świat	1926	Dystopia	t	4	\N
3	Zabójstwo Rogera Ackroyda	1932	Kryminał	t	5	\N
4	Trzej muszkieterowie	2015	Powieść płaszcza i szpady	t	7	\N
5	Proces	2014	Powieść surrealistyczna	t	9	\N
\.


--
-- Data for Name: django_admin_log; Type: TABLE DATA; Schema: public; Owner: postgres
--

COPY public.django_admin_log (id, action_time, object_id, object_repr, action_flag, change_message, content_type_id, user_id) FROM stdin;
1	2023-11-11 17:57:26.936943+01	1	Rok 1984	1	[{"added": {}}]	7	1
2	2023-11-11 18:38:27.637356+01	2	Faraon	1	[{"added": {}}]	7	1
3	2023-11-18 16:34:46.622119+01	2	uzytkownik	1	[{"added": {}}]	4	1
4	2023-11-18 16:50:41.866318+01	2	uzytkownik	2	[{"changed": {"fields": ["Email address"]}}]	4	1
5	2023-11-18 16:56:27.543342+01	3	uzytkownik2@mail.com	1	[{"added": {}}]	4	1
6	2023-12-22 18:36:20.019678+01	3	Dziady	1	[{"added": {}}]	7	4
7	2024-01-18 17:58:38.284054+01	1	423423423 - Dziady	1	[{"added": {}}]	16	1
8	2024-01-18 18:03:18.965168+01	1	423423423 - Dziady	3		16	1
\.


--
-- Data for Name: django_content_type; Type: TABLE DATA; Schema: public; Owner: postgres
--

COPY public.django_content_type (id, app_label, model) FROM stdin;
1	admin	logentry
2	auth	permission
3	auth	group
4	auth	user
5	contenttypes	contenttype
6	sessions	session
7	app	book
8	token_blacklist	blacklistedtoken
9	token_blacklist	outstandingtoken
10	app	bookauthor
11	app	author
12	app	archiveloan
13	app	bookcopy
14	app	borrowedbook
15	app	reservedbook
16	app	isbn
\.


--
-- Data for Name: django_migrations; Type: TABLE DATA; Schema: public; Owner: postgres
--

COPY public.django_migrations (id, app, name, applied) FROM stdin;
1	contenttypes	0001_initial	2023-10-12 18:33:15.140144+02
2	auth	0001_initial	2023-10-12 18:33:15.203169+02
3	admin	0001_initial	2023-10-12 18:33:15.221168+02
4	admin	0002_logentry_remove_auto_add	2023-10-12 18:33:15.229169+02
5	admin	0003_logentry_add_action_flag_choices	2023-10-12 18:33:15.235168+02
6	contenttypes	0002_remove_content_type_name	2023-10-12 18:33:15.247168+02
7	auth	0002_alter_permission_name_max_length	2023-10-12 18:33:15.254169+02
8	auth	0003_alter_user_email_max_length	2023-10-12 18:33:15.262169+02
9	auth	0004_alter_user_username_opts	2023-10-12 18:33:15.269169+02
10	auth	0005_alter_user_last_login_null	2023-10-12 18:33:15.276169+02
11	auth	0006_require_contenttypes_0002	2023-10-12 18:33:15.277168+02
12	auth	0007_alter_validators_add_error_messages	2023-10-12 18:33:15.285168+02
13	auth	0008_alter_user_username_max_length	2023-10-12 18:33:15.295684+02
14	auth	0009_alter_user_last_name_max_length	2023-10-12 18:33:15.302682+02
15	auth	0010_alter_group_name_max_length	2023-10-12 18:33:15.310194+02
16	auth	0011_update_proxy_permissions	2023-10-12 18:33:15.316194+02
17	auth	0012_alter_user_first_name_max_length	2023-10-12 18:33:15.323198+02
18	sessions	0001_initial	2023-10-12 18:33:15.333705+02
19	app	0001_initial	2023-11-11 17:40:04.563417+01
20	token_blacklist	0001_initial	2023-11-16 18:17:37.254206+01
21	token_blacklist	0002_outstandingtoken_jti_hex	2023-11-16 18:17:37.263246+01
22	token_blacklist	0003_auto_20171017_2007	2023-11-16 18:17:37.274258+01
23	token_blacklist	0004_auto_20171017_2013	2023-11-16 18:17:37.288206+01
24	token_blacklist	0005_remove_outstandingtoken_jti	2023-11-16 18:17:37.303305+01
25	token_blacklist	0006_auto_20171017_2113	2023-11-16 18:17:37.312693+01
26	token_blacklist	0007_auto_20171017_2214	2023-11-16 18:17:37.357966+01
27	token_blacklist	0008_migrate_to_bigautofield	2023-11-16 18:17:37.405926+01
28	token_blacklist	0010_fix_migrate_to_bigautofield	2023-11-16 18:17:37.424022+01
29	token_blacklist	0011_linearizes_history	2023-11-16 18:17:37.427062+01
30	token_blacklist	0012_alter_outstandingtoken_user	2023-11-16 18:17:37.43402+01
31	app	0002_author_bookauthor	2023-12-15 17:48:46.281634+01
32	authentification	0001_initial	2023-12-15 19:26:57.585848+01
33	authentification	0002_remove_userdetails_user_delete_customuser_and_more	2023-12-15 19:26:57.621843+01
34	app	0002_rename_publication_year_book_publicationyear	2023-12-22 18:42:32.523603+01
35	app	0003_rename_title_book_titles	2024-01-03 18:04:00.227502+01
36	app	0004_rename_titles_book_title	2024-01-03 18:33:43.055887+01
37	app	0005_archiveloan_bookcopy_borrowedbook_reservedbook_and_more	2024-01-09 17:45:11.090501+01
38	app	0006_isbn	2024-01-18 17:51:56.306134+01
39	app	0007_remove_isbn_book_book_isbn	2024-01-18 18:11:35.40437+01
\.


--
-- Data for Name: django_session; Type: TABLE DATA; Schema: public; Owner: postgres
--

COPY public.django_session (session_key, session_data, expire_date) FROM stdin;
z0sejcxyfxpr0oyrfb4sn8bpgm7trjc2	.eJxVjDEOwjAQBP_iGlmOI58TSnreYJ3vFhJAjhQnFeLvyFIKaHdm9m0S79uU9oo1zWrOpjOn3y2zPFEa0AeX-2JlKds6Z9sUe9Bqr4vidTncv4OJ69RqgsC56MboAutNmCiyyhgccoxD7Hv4MBBIAwjBY-yg0mcnHghkPl_1ozhx:1qyvuM:_6dh_TNGJWYwnZC8LY1hvTaMo5SzgOH28wI7by4zNTw	2023-11-17 16:16:26.371662+01
rhpc7pp391n5bzufun9xco8yd0zexnnd	.eJxVjDEOwjAQBP_iGlmOI58TSnreYJ3vFhJAjhQnFeLvyFIKaHdm9m0S79uU9oo1zWrOpjOn3y2zPFEa0AeX-2JlKds6Z9sUe9Bqr4vidTncv4OJ69RqgsC56MboAutNmCiyyhgccoxD7Hv4MBBIAwjBY-yg0mcnHghkPl_1ozhx:1r1r9r:GTgLtv2WQRfqvpoZ6S2-wKfVUt7ppeIE8LDrtHZcVyA	2023-11-25 17:48:31.520346+01
2vymzvqq059b737akt114vgnkaauwv9v	.eJxVjDEOwjAQBP_iGlmOI58TSnreYJ3vFhJAjhQnFeLvyFIKaHdm9m0S79uU9oo1zWrOpjOn3y2zPFEa0AeX-2JlKds6Z9sUe9Bqr4vidTncv4OJ69RqgsC56MboAutNmCiyyhgccoxD7Hv4MBBIAwjBY-yg0mcnHghkPl_1ozhx:1r3gBJ:M0LWWmEgAQkIcAcB_B5uRb0r76GPB2SYB1KCyLTyENc	2023-11-30 18:29:33.588512+01
liavsoiqf4d5ywr11jstesvq6soglpko	.eJxVjDEOwjAQBP_iGlmOI58TSnreYJ3vFhJAjhQnFeLvyFIKaHdm9m0S79uU9oo1zWrOpjOn3y2zPFEa0AeX-2JlKds6Z9sUe9Bqr4vidTncv4OJ69RqgsC56MboAutNmCiyyhgccoxD7Hv4MBBIAwjBY-yg0mcnHghkPl_1ozhx:1r4Nbo:0smMoWT2buTM5-tASzEtxIcqILSsDciXNDH59b5aA14	2023-12-02 16:51:48.077772+01
yks8y1uv6lfpxfxkipbdyxvp0fu34e5t	.eJxVjMEOwiAQRP-FsyGFEqAevfsNZHdZpGogKe2p8d-lSQ96nHlvZhcBtjWHrfES5iiuwojLb4dALy4HiE8ojyqplnWZUR6KPGmT9xr5fTvdv4MMLfe1Gg16huQi4DACaeoBJrB61D6B0-xjYqMYJxuT7dh7b2kgqxDZgfh8AR85OYE:1rEBMN:SfOew-1TCpH8o-AHN13lxuB8ONcszcKl9qABLsdGphg	2023-12-29 17:48:23.041382+01
x639lhgl629polo356g3xeim2nkhnr7f	.eJxVjMEOwiAQRP-FsyGFEqAevfsNZHdZpGogKe2p8d-lSQ96nHlvZhcBtjWHrfES5iiuwojLb4dALy4HiE8ojyqplnWZUR6KPGmT9xr5fTvdv4MMLfe1Gg16huQi4DACaeoBJrB61D6B0-xjYqMYJxuT7dh7b2kgqxDZgfh8AR85OYE:1rEDUq:YHnylzJpYvEQXciMhKsV5FJhouFeTZ_J0MmnRKJKPRc	2023-12-29 20:05:16.610305+01
4vxf3k3ew9xqiz5qng0b2gv62pg463fj	.eJxVjDEOwjAQBP_iGlmOI58TSnreYJ3vFhJAjhQnFeLvyFIKaHdm9m0S79uU9oo1zWrOpjOn3y2zPFEa0AeX-2JlKds6Z9sUe9Bqr4vidTncv4OJ69RqgsC56MboAutNmCiyyhgccoxD7Hv4MBBIAwjBY-yg0mcnHghkPl_1ozhx:1rNEai:lpfBN6xO4oZUuNsX7L-nGuZIxqX5IB9l7jqgDRXi7-s	2024-01-23 17:04:36.945261+01
lriazkdbanh18eryhib4kjrn22jvo7ux	.eJxVjDEOwjAQBP_iGlmOI58TSnreYJ3vFhJAjhQnFeLvyFIKaHdm9m0S79uU9oo1zWrOpjOn3y2zPFEa0AeX-2JlKds6Z9sUe9Bqr4vidTncv4OJ69RqgsC56MboAutNmCiyyhgccoxD7Hv4MBBIAwjBY-yg0mcnHghkPl_1ozhx:1rPnM1:l-1ArGHR4YiKhGqiB41ldav_boEYw42vu7M2Pee2EkU	2024-01-30 18:36:01.24665+01
yng1vt8kuhnwhqiejrhf2xnreuhmz3eu	.eJxVjDEOwjAQBP_iGlmOI58TSnreYJ3vFhJAjhQnFeLvyFIKaHdm9m0S79uU9oo1zWrOpjOn3y2zPFEa0AeX-2JlKds6Z9sUe9Bqr4vidTncv4OJ69RqgsC56MboAutNmCiyyhgccoxD7Hv4MBBIAwjBY-yg0mcnHghkPl_1ozhx:1rQVd1:HSCEHP7ii4oeWzu109fGfU7jiQqw-wWp0Cs6rp5-RMk	2024-02-01 17:52:31.483216+01
6s9ulsjmqyoypieqxz7wq444qfxipms0	.eJxVjDEOwjAQBP_iGlmOI58TSnreYJ3vFhJAjhQnFeLvyFIKaHdm9m0S79uU9oo1zWrOpjOn3y2zPFEa0AeX-2JlKds6Z9sUe9Bqr4vidTncv4OJ69RqgsC56MboAutNmCiyyhgccoxD7Hv4MBBIAwjBY-yg0mcnHghkPl_1ozhx:1rQVgM:9BZaRtacozilofCWsx81y2by0S-R01FSqRgJcFo8oPg	2024-02-01 17:55:58.943757+01
\.


--
-- Data for Name: table_name; Type: TABLE DATA; Schema: public; Owner: postgres
--

COPY public.table_name  FROM stdin;
\.


--
-- Data for Name: token_blacklist_blacklistedtoken; Type: TABLE DATA; Schema: public; Owner: postgres
--

COPY public.token_blacklist_blacklistedtoken (id, blacklisted_at, token_id) FROM stdin;
1	2023-11-16 18:38:11.424261+01	3
2	2023-11-16 19:39:45.44309+01	5
3	2023-11-16 19:49:59.33215+01	8
4	2023-11-16 19:59:55.799172+01	14
5	2023-11-16 20:02:43.271496+01	15
6	2023-11-16 20:03:46.586335+01	16
7	2023-11-16 20:07:21.562176+01	17
8	2023-11-18 16:20:17.546828+01	19
9	2024-01-19 17:24:45.742428+01	38
\.


--
-- Data for Name: token_blacklist_outstandingtoken; Type: TABLE DATA; Schema: public; Owner: postgres
--

COPY public.token_blacklist_outstandingtoken (id, token, created_at, expires_at, user_id, jti) FROM stdin;
1	eyJhbGciOiJIUzI1NiIsInR5cCI6IkpXVCJ9.eyJ0b2tlbl90eXBlIjoicmVmcmVzaCIsImV4cCI6MTcwMDI0MjI2NywiaWF0IjoxNzAwMTU1ODY3LCJqdGkiOiJhODQwY2NhZWMxNDY0ZjgyYWVhMjI4OGY5MGZmMmNkMyIsInVzZXJfaWQiOjF9.m1kl2NcXkUytDE3T7Q2M3sGcWG9p1ioLI-GizNsLyG0	2023-11-16 18:31:07.506648+01	2023-11-17 18:31:07+01	1	a840ccaec1464f82aea2288f90ff2cd3
2	eyJhbGciOiJIUzI1NiIsInR5cCI6IkpXVCJ9.eyJ0b2tlbl90eXBlIjoicmVmcmVzaCIsImV4cCI6MTcwMDI0MjQxOCwiaWF0IjoxNzAwMTU2MDE4LCJqdGkiOiIxMGJjOGJhYjc3OWM0NDlhODIxYTlkMDQ0ZWU2OWMzYSIsInVzZXJfaWQiOjF9.B2oVRjbk17ME5koxpssWmnLZQeOw9cI6OX7PRT1HjfU	2023-11-16 18:33:38.635981+01	2023-11-17 18:33:38+01	1	10bc8bab779c449a821a9d044ee69c3a
3	eyJhbGciOiJIUzI1NiIsInR5cCI6IkpXVCJ9.eyJ0b2tlbl90eXBlIjoicmVmcmVzaCIsImV4cCI6MTcwMDI0MjY1NSwiaWF0IjoxNzAwMTU2MjU1LCJqdGkiOiJjOGE5MDgxODQ5MjA0N2E4YTk5MTZiOWMyNDY1NzI0MCIsInVzZXJfaWQiOjF9.wlDh5coViLvEOaibzISDOaZ2A8f3pw4Su6IzCl7hPf4	2023-11-16 18:37:35.978433+01	2023-11-17 18:37:35+01	1	c8a90818492047a8a9916b9c24657240
4	eyJhbGciOiJIUzI1NiIsInR5cCI6IkpXVCJ9.eyJ0b2tlbl90eXBlIjoicmVmcmVzaCIsImV4cCI6MTcwMDI0NDUwMiwiaWF0IjoxNzAwMTU4MTAyLCJqdGkiOiI4YzExNDFiYzA2OTk0Mzc0YjVjYzBlNjU5MWM2NWIyZCIsInVzZXJfaWQiOjF9.D1g6MuDSsliK-i3gz7WoZUmbAuzQqFBONsrM9UX4anM	2023-11-16 19:08:22.341867+01	2023-11-17 19:08:22+01	1	8c1141bc06994374b5cc0e6591c65b2d
5	eyJhbGciOiJIUzI1NiIsInR5cCI6IkpXVCJ9.eyJ0b2tlbl90eXBlIjoicmVmcmVzaCIsImV4cCI6MTcwMDI0NjMyMCwiaWF0IjoxNzAwMTU5OTIwLCJqdGkiOiIxYTczY2YzMmZmY2Y0YmY2OTEyN2QzMDU1NGFmNzMyNyIsInVzZXJfaWQiOjF9.ADgTgbe-x6OZ9Nq1MO49BsjyDY9zHDoOtw0Ryr4wiY4	2023-11-16 19:38:40.201266+01	2023-11-17 19:38:40+01	1	1a73cf32ffcf4bf69127d30554af7327
6	eyJhbGciOiJIUzI1NiIsInR5cCI6IkpXVCJ9.eyJ0b2tlbl90eXBlIjoicmVmcmVzaCIsImV4cCI6MTcwMDI0NjkyMSwiaWF0IjoxNzAwMTYwNTIxLCJqdGkiOiJmZTUxODA0N2EwZjY0NTdiOTViOTY4Mjg3OWViODk4NiIsInVzZXJfaWQiOjF9.tGrg4SX34hafp1vvIqN4BQgxfYb3Vg2dIdW1ro0RszE	2023-11-16 19:48:41.101729+01	2023-11-17 19:48:41+01	1	fe518047a0f6457b95b9682879eb8986
7	eyJhbGciOiJIUzI1NiIsInR5cCI6IkpXVCJ9.eyJ0b2tlbl90eXBlIjoicmVmcmVzaCIsImV4cCI6MTcwMDI0Njk1MywiaWF0IjoxNzAwMTYwNTUzLCJqdGkiOiJkYTJhYjQ3ZmI1Zjg0ZTM4YWFhMWZkZDUyOTAyMjNjNSIsInVzZXJfaWQiOjF9.jlh5Ufze61DXixDrF2jVj6dhHjKFlPpSeBabNnfJkk8	2023-11-16 19:49:13.842889+01	2023-11-17 19:49:13+01	1	da2ab47fb5f84e38aaa1fdd5290223c5
8	eyJhbGciOiJIUzI1NiIsInR5cCI6IkpXVCJ9.eyJ0b2tlbl90eXBlIjoicmVmcmVzaCIsImV4cCI6MTcwMDI0Njk2MCwiaWF0IjoxNzAwMTYwNTYwLCJqdGkiOiIzNzIxYWFhOWU5NzY0NGM3Yjg3ZTVmOWMxZTExYzI1MyIsInVzZXJfaWQiOjF9.LMGLZZ4TbEncp6KuPehBqEJoeOri7Bz6fMePIeDgdno	2023-11-16 19:49:20.257835+01	2023-11-17 19:49:20+01	1	3721aaa9e97644c7b87e5f9c1e11c253
9	eyJhbGciOiJIUzI1NiIsInR5cCI6IkpXVCJ9.eyJ0b2tlbl90eXBlIjoicmVmcmVzaCIsImV4cCI6MTcwMDI0NzE0OCwiaWF0IjoxNzAwMTYwNzQ4LCJqdGkiOiIwNzQxNDUzNzhkMTI0ZWU2OWZlNzY4YWY2YTIzNzcwNCIsInVzZXJfaWQiOjF9.ecZ-XlCsLBCfu1K1pDYmPdMeY7_QqvdmRYvCPKaBUzU	2023-11-16 19:52:28.859099+01	2023-11-17 19:52:28+01	1	074145378d124ee69fe768af6a237704
10	eyJhbGciOiJIUzI1NiIsInR5cCI6IkpXVCJ9.eyJ0b2tlbl90eXBlIjoicmVmcmVzaCIsImV4cCI6MTcwMDI0NzIzOSwiaWF0IjoxNzAwMTYwODM5LCJqdGkiOiI1ZWI0OGFmNDJhMTA0NWY0YWY3YTRlNTQ3MzIzZmQ5NSIsInVzZXJfaWQiOjF9.ieCvXLshD669eqRnJAetg9-1T6NwIV3SzQJzS1eO_IQ	2023-11-16 19:53:59.261436+01	2023-11-17 19:53:59+01	1	5eb48af42a1045f4af7a4e547323fd95
11	eyJhbGciOiJIUzI1NiIsInR5cCI6IkpXVCJ9.eyJ0b2tlbl90eXBlIjoicmVmcmVzaCIsImV4cCI6MTcwMDI0NzQzMSwiaWF0IjoxNzAwMTYxMDMxLCJqdGkiOiIzYTZhYWIxNTEwYTU0ZjM2ODIwZWVjN2VhZDRkMjg2YyIsInVzZXJfaWQiOjF9.hoX9fvJCyHo0bPf6LVn7H0grB5nDAIwySCajOjsvoNo	2023-11-16 19:57:11.874963+01	2023-11-17 19:57:11+01	1	3a6aab1510a54f36820eec7ead4d286c
12	eyJhbGciOiJIUzI1NiIsInR5cCI6IkpXVCJ9.eyJ0b2tlbl90eXBlIjoicmVmcmVzaCIsImV4cCI6MTcwMDI0NzQ3OCwiaWF0IjoxNzAwMTYxMDc4LCJqdGkiOiI4NDk4NjNkMDE5Zjg0NGVhOTlmYjczMzhjMzQ1M2M2OCIsInVzZXJfaWQiOjF9.92QGvKH8YtpYeXeIvUNghw9dv_sCeq6EEL2Yd6EARPg	2023-11-16 19:57:58.005633+01	2023-11-17 19:57:58+01	1	849863d019f844ea99fb7338c3453c68
13	eyJhbGciOiJIUzI1NiIsInR5cCI6IkpXVCJ9.eyJ0b2tlbl90eXBlIjoicmVmcmVzaCIsImV4cCI6MTcwMDI0NzU1NiwiaWF0IjoxNzAwMTYxMTU2LCJqdGkiOiI1NTBhOWNkOGM3MWQ0YWE5YTFiMTA4MTcwZmNkMmVhYiIsInVzZXJfaWQiOjF9.CuD2U6zBFYCOXb9Gb30hA56OdCivdUQWBDTZ65oPFb8	2023-11-16 19:59:16.293822+01	2023-11-17 19:59:16+01	1	550a9cd8c71d4aa9a1b108170fcd2eab
14	eyJhbGciOiJIUzI1NiIsInR5cCI6IkpXVCJ9.eyJ0b2tlbl90eXBlIjoicmVmcmVzaCIsImV4cCI6MTcwMDI0NzU3NywiaWF0IjoxNzAwMTYxMTc3LCJqdGkiOiIzYTI2MTg0MWFkMjE0NjNhOGEzZDlhNDQyOTY0ZmY4NyIsInVzZXJfaWQiOjF9.DUNQ1wjxeZsbbLHZU3755_7tAd0vOSqURD3uMRxw5fw	2023-11-16 19:59:37.954466+01	2023-11-17 19:59:37+01	1	3a261841ad21463a8a3d9a442964ff87
15	eyJhbGciOiJIUzI1NiIsInR5cCI6IkpXVCJ9.eyJ0b2tlbl90eXBlIjoicmVmcmVzaCIsImV4cCI6MTcwMDI0NzcxNSwiaWF0IjoxNzAwMTYxMzE1LCJqdGkiOiI4YWUwYzgyZjk5MzA0MTkxYTc5YWM2ZDdlY2U1ODNkNyIsInVzZXJfaWQiOjF9._lsYY7zyGR6eyBM2MFIJbnwzDuKUmXs-yqjvKjQMfkA	2023-11-16 20:01:55.750609+01	2023-11-17 20:01:55+01	1	8ae0c82f99304191a79ac6d7ece583d7
16	eyJhbGciOiJIUzI1NiIsInR5cCI6IkpXVCJ9.eyJ0b2tlbl90eXBlIjoicmVmcmVzaCIsImV4cCI6MTcwMDI0Nzc2MywiaWF0IjoxNzAwMTYxMzYzLCJqdGkiOiI2OTUxOTY1YWE0ZDg0YzliODJlYTdkZWUwMjdhZDM5MiIsInVzZXJfaWQiOjF9.klP7sAFE8ah4bo6ZOcI-H1Ve9skrvZHgUspGhs5LcBc	\N	2023-11-17 20:02:43+01	\N	6951965aa4d84c9b82ea7dee027ad392
17	eyJhbGciOiJIUzI1NiIsInR5cCI6IkpXVCJ9.eyJ0b2tlbl90eXBlIjoicmVmcmVzaCIsImV4cCI6MTcwMDI0Nzk2MSwiaWF0IjoxNzAwMTYxNTYxLCJqdGkiOiI0OThlYjk4M2E1Mzg0YWNlOWMxMTEyNDE1MDY3ODhmYiIsInVzZXJfaWQiOjF9.wm2-pdhFwuq_tqavSI4M9jALRu6rGCA2DyxlI49YTS0	2023-11-16 20:06:01.487044+01	2023-11-17 20:06:01+01	1	498eb983a5384ace9c111241506788fb
18	eyJhbGciOiJIUzI1NiIsInR5cCI6IkpXVCJ9.eyJ0b2tlbl90eXBlIjoicmVmcmVzaCIsImV4cCI6MTcwMDQwNzE4OCwiaWF0IjoxNzAwMzIwNzg4LCJqdGkiOiJhYTQ5MjEwNTRjYjk0YTBjYmQ4NTRlNGJkNzAyODEzMyIsInVzZXJfaWQiOjF9.hiy30ZYgMVIy1MaTiTAAhLCT7_trXAmYLrAe6AY5UIM	2023-11-18 16:19:48.944801+01	2023-11-19 16:19:48+01	1	aa4921054cb94a0cbd854e4bd7028133
19	eyJhbGciOiJIUzI1NiIsInR5cCI6IkpXVCJ9.eyJ0b2tlbl90eXBlIjoicmVmcmVzaCIsImV4cCI6MTcwMDQwNzE5MiwiaWF0IjoxNzAwMzIwNzkyLCJqdGkiOiI0YTMzNjI1YzVjMmI0M2Q1YjU5MGE1NDg5Yzk4M2Q4ZiIsInVzZXJfaWQiOjF9.hkmGELsS67B11MYQxyxc5M5Gi56cpIEDD7c9-DfScmI	2023-11-18 16:19:52.169862+01	2023-11-19 16:19:52+01	1	4a33625c5c2b43d5b590a5489c983d8f
20	eyJhbGciOiJIUzI1NiIsInR5cCI6IkpXVCJ9.eyJ0b2tlbl90eXBlIjoicmVmcmVzaCIsImV4cCI6MTcwMDQwODgxOSwiaWF0IjoxNzAwMzIyNDE5LCJqdGkiOiIwODFkYzEyYzA2OWQ0MmE2OGI3YTU5OWZlMGRjMjUxMCIsInVzZXJfaWQiOjJ9.m0CbErKhAC7RTuBO7Joo9xUWj4yEgEjV29lGackJ9xo	2023-11-18 16:46:59.572886+01	2023-11-19 16:46:59+01	2	081dc12c069d42a68b7a599fe0dc2510
21	eyJhbGciOiJIUzI1NiIsInR5cCI6IkpXVCJ9.eyJ0b2tlbl90eXBlIjoicmVmcmVzaCIsImV4cCI6MTcwMDQwODg3NywiaWF0IjoxNzAwMzIyNDc3LCJqdGkiOiJkYzgyYTQ3NmE4MDk0NzNkYWYzN2Y1MDg1NTM2ZWRhMyIsInVzZXJfaWQiOjJ9.FFsQwwqxin_LVvC5ZgEAsi3Rvw1tJ0FuB6t2PglwnSA	2023-11-18 16:47:57.854588+01	2023-11-19 16:47:57+01	2	dc82a476a809473daf37f5085536eda3
22	eyJhbGciOiJIUzI1NiIsInR5cCI6IkpXVCJ9.eyJ0b2tlbl90eXBlIjoicmVmcmVzaCIsImV4cCI6MTcwMDQwODk5NSwiaWF0IjoxNzAwMzIyNTk1LCJqdGkiOiIxYmU2NTU0M2JhNDM0OWRmYWUxMmZkYmYxODIxZTFhNSIsInVzZXJfaWQiOjF9.jszAVV6LdqkbyHGYwNsavz_6gG5wQoQl8kizl_8kFWY	2023-11-18 16:49:55.73758+01	2023-11-19 16:49:55+01	1	1be65543ba4349dfae12fdbf1821e1a5
23	eyJhbGciOiJIUzI1NiIsInR5cCI6IkpXVCJ9.eyJ0b2tlbl90eXBlIjoicmVmcmVzaCIsImV4cCI6MTcwMDQwOTE4OSwiaWF0IjoxNzAwMzIyNzg5LCJqdGkiOiI4OThlYTVhMmMwYzY0MDVkOWJmZDg4ZThiYzc5MDVkNiIsInVzZXJfaWQiOjJ9.gR-OgBdnpVq9adtYV9tYK87lm1A5YyT2s_FJCBKeGvs	2023-11-18 16:53:09.205267+01	2023-11-19 16:53:09+01	2	898ea5a2c0c6405d9bfd88e8bc7905d6
24	eyJhbGciOiJIUzI1NiIsInR5cCI6IkpXVCJ9.eyJ0b2tlbl90eXBlIjoicmVmcmVzaCIsImV4cCI6MTcwMDQwOTQwOCwiaWF0IjoxNzAwMzIzMDA4LCJqdGkiOiIxNGUxMTAzOWY1ZjI0YTNmYWJlMTlkZjI2NDNhMjExMCIsInVzZXJfaWQiOjN9.qd11ZajDiJ50TP3kO3WVGplBFaIMuBbXhNW8umv4bhU	2023-11-18 16:56:48.11783+01	2023-11-19 16:56:48+01	3	14e11039f5f24a3fabe19df2643a2110
25	eyJhbGciOiJIUzI1NiIsInR5cCI6IkpXVCJ9.eyJ0b2tlbl90eXBlIjoicmVmcmVzaCIsImV4cCI6MTcwMjc1Mzc1NCwiaWF0IjoxNzAyNjY3MzU0LCJqdGkiOiIyZDgwYThhMTkzZWI0NGE2YWE0YTk3ZWZhODMxYmE0MSIsInVzZXJfaWQiOjd9.Mp4xii_Em2UdMrMp1J-XUjOHqpEiiaqJy4oJlYncEzk	2023-12-15 20:09:14.55801+01	2023-12-16 20:09:14+01	7	2d80a8a193eb44a6aa4a97efa831ba41
26	eyJhbGciOiJIUzI1NiIsInR5cCI6IkpXVCJ9.eyJ0b2tlbl90eXBlIjoicmVmcmVzaCIsImV4cCI6MTcwMzE4MTIwNSwiaWF0IjoxNzAzMDk0ODA1LCJqdGkiOiJjODRmNmU1NGU0NjY0ODBmODhlNDMxMDZhMzIzZDczZCIsInVzZXJfaWQiOjh9.7XyBizHU-1mOCDI5oOL6dE4X5jNQ5TYbeBYNwPMApIY	2023-12-20 18:53:25.348735+01	2023-12-21 18:53:25+01	8	c84f6e54e466480f88e43106a323d73d
27	eyJhbGciOiJIUzI1NiIsInR5cCI6IkpXVCJ9.eyJ0b2tlbl90eXBlIjoicmVmcmVzaCIsImV4cCI6MTcwMzE4MjkxMCwiaWF0IjoxNzAzMDk2NTEwLCJqdGkiOiI0YzFlZGE0NTJmNTc0ZmM3OTA5NmY4NTg5M2JiYzc2ZCIsInVzZXJfaWQiOjEwfQ.sgoA7AfGKKezYZ6WuuU2npaLD532lby7XqA1f6VvI-I	2023-12-20 19:21:50.161758+01	2023-12-21 19:21:50+01	10	4c1eda452f574fc79096f85893bbc76d
28	eyJhbGciOiJIUzI1NiIsInR5cCI6IkpXVCJ9.eyJ0b2tlbl90eXBlIjoicmVmcmVzaCIsImV4cCI6MTcwMzMzMTI5OCwiaWF0IjoxNzAzMjQ0ODk4LCJqdGkiOiI3MzdkMmJjYjdiZTA0ZGU5YWE4NDU4MzEyZWNlYjQwNiIsInVzZXJfaWQiOjExfQ.bJoxTI9sREFQxUmoehx7wwvW2Z9-R8woi6H3sQxjazs	2023-12-22 12:34:58.035444+01	2023-12-23 12:34:58+01	11	737d2bcb7be04de9aa8458312eceb406
29	eyJhbGciOiJIUzI1NiIsInR5cCI6IkpXVCJ9.eyJ0b2tlbl90eXBlIjoicmVmcmVzaCIsImV4cCI6MTcwNTUxMjQ3OSwiaWF0IjoxNzA1NDI2MDc5LCJqdGkiOiJkNTVlNTViNjc0YjE0YWMzYjk0MzM2YmJjMWNlOTEzMSIsInVzZXJfaWQiOjEyfQ.9S1aYmy27zQGYGDo_4niAiNNhx6L_BfY-FRXBJp-xsg	2024-01-16 18:27:59.836761+01	2024-01-17 18:27:59+01	12	d55e55b674b14ac3b94336bbc1ce9131
30	eyJhbGciOiJIUzI1NiIsInR5cCI6IkpXVCJ9.eyJ0b2tlbl90eXBlIjoicmVmcmVzaCIsImV4cCI6MTcwNTUxMjg4NSwiaWF0IjoxNzA1NDI2NDg1LCJqdGkiOiI2OGY0MzExYTY4MDA0ZDcxYTIzZDFlMDBhNWU1M2VkZCIsInVzZXJfaWQiOjEyfQ.okX_p-abEBURMCJksUvQDbAPzTujjAM8dP7whuxyio0	2024-01-16 18:34:45.922109+01	2024-01-17 18:34:45+01	12	68f4311a68004d71a23d1e00a5e53edd
31	eyJhbGciOiJIUzI1NiIsInR5cCI6IkpXVCJ9.eyJ0b2tlbl90eXBlIjoicmVmcmVzaCIsImV4cCI6MTcwNTUxMjk3NywiaWF0IjoxNzA1NDI2NTc3LCJqdGkiOiI3MGYzYjU3NGNhYjY0NThhODAxZjZiNDgxMDZlMmQyNSIsInVzZXJfaWQiOjEyfQ.uWjtM1keZ0LiFCE0_5A6gou_f6r8pjlZByeSGvQY0Gw	2024-01-16 18:36:17.123581+01	2024-01-17 18:36:17+01	12	70f3b574cab6458a801f6b48106e2d25
32	eyJhbGciOiJIUzI1NiIsInR5cCI6IkpXVCJ9.eyJ0b2tlbl90eXBlIjoicmVmcmVzaCIsImV4cCI6MTcwNTUxMzE2MiwiaWF0IjoxNzA1NDI2NzYyLCJqdGkiOiJiZThiODBjYmUxNmE0ZjdjYWEyNjYxODkyOWE2Y2NmMiIsInVzZXJfaWQiOjEyfQ.SG8QPu-DHSVSCUNiiAxONq5e23JEOzhq3CNDHAhPjlg	2024-01-16 18:39:22.600913+01	2024-01-17 18:39:22+01	12	be8b80cbe16a4f7caa26618929a6ccf2
33	eyJhbGciOiJIUzI1NiIsInR5cCI6IkpXVCJ9.eyJ0b2tlbl90eXBlIjoicmVmcmVzaCIsImV4cCI6MTcwNTU5NTExMiwiaWF0IjoxNzA1NTA4NzEyLCJqdGkiOiJlYjFhODgxMGJkOTI0M2VlODhjZTkwN2UzMWU0OGNiZCIsInVzZXJfaWQiOjEyfQ.lziIR7-pPcU1-NdBi7fc-I5KzgOBOa_pcJYVJbnayCU	2024-01-17 17:25:12.913112+01	2024-01-18 17:25:12+01	12	eb1a8810bd9243ee88ce907e31e48cbd
34	eyJhbGciOiJIUzI1NiIsInR5cCI6IkpXVCJ9.eyJ0b2tlbl90eXBlIjoicmVmcmVzaCIsImV4cCI6MTcwNTU5NTc5MSwiaWF0IjoxNzA1NTA5MzkxLCJqdGkiOiIyOGNhZWE5NjZjZDA0YWI2YTljMmU5ZDk1MjFkMjI0MCIsInVzZXJfaWQiOjEyfQ.aBGfkLRUhmCgTE26Tywh-NZq3YIH8X_yYYMQ4etloRk	2024-01-17 17:36:31.235036+01	2024-01-18 17:36:31+01	12	28caea966cd04ab6a9c2e9d9521d2240
35	eyJhbGciOiJIUzI1NiIsInR5cCI6IkpXVCJ9.eyJ0b2tlbl90eXBlIjoicmVmcmVzaCIsImV4cCI6MTcwNTU5NjI1MCwiaWF0IjoxNzA1NTA5ODUwLCJqdGkiOiI1YzI2YjZkYmZhNDc0NzBhYjM3OWY0OTEyN2YxNTljMiIsInVzZXJfaWQiOjEyfQ.09Aw2tQiY_Op7Lx4Cc-ySX9llA8VmZJ-C1P9rDm5jt8	2024-01-17 17:44:10.805958+01	2024-01-18 17:44:10+01	12	5c26b6dbfa47470ab379f49127f159c2
36	eyJhbGciOiJIUzI1NiIsInR5cCI6IkpXVCJ9.eyJ0b2tlbl90eXBlIjoicmVmcmVzaCIsImV4cCI6MTcwNTU5NzEyMywiaWF0IjoxNzA1NTEwNzIzLCJqdGkiOiJmNTQ3MzAzMThjMzM0MjY4ODM2NjAzMDRlOWRjOTQ2YSIsInVzZXJfaWQiOjEyfQ.KZZWbqdv_q9HIMQCqY0Buz5G_6Bx53_osc6GwgoIuXw	2024-01-17 17:58:43.032819+01	2024-01-18 17:58:43+01	12	f54730318c33426883660304e9dc946a
37	eyJhbGciOiJIUzI1NiIsInR5cCI6IkpXVCJ9.eyJ0b2tlbl90eXBlIjoicmVmcmVzaCIsImV4cCI6MTcwNTU5ODY5OCwiaWF0IjoxNzA1NTEyMjk4LCJqdGkiOiI0YjdkNDg1OWFkYTc0ZGRlODRkYjVjMTU2ZGYwZjFhNyIsInVzZXJfaWQiOjEyfQ.NdQN3izdupV7bIcFbgp34hO3OFm5YEu6ZQZyyih3dzg	2024-01-17 18:24:58.122142+01	2024-01-18 18:24:58+01	12	4b7d4859ada74dde84db5c156df0f1a7
38	eyJhbGciOiJIUzI1NiIsInR5cCI6IkpXVCJ9.eyJ0b2tlbl90eXBlIjoicmVmcmVzaCIsImV4cCI6MTcwNTc2NzgzMiwiaWF0IjoxNzA1NjgxNDMyLCJqdGkiOiJmNWMzMWE1MjkzMDI0NmU0YjNlODExMDQ2MGE3N2YwZiIsInVzZXJfaWQiOjEyfQ.JzqiHUeIsG6ZMplyriRlZICehNlNb8FpVCQNOEalqxA	2024-01-19 17:23:52.944138+01	2024-01-20 17:23:52+01	12	f5c31a52930246e4b3e8110460a77f0f
39	eyJhbGciOiJIUzI1NiIsInR5cCI6IkpXVCJ9.eyJ0b2tlbl90eXBlIjoicmVmcmVzaCIsImV4cCI6MTcwNTc2OTMzNSwiaWF0IjoxNzA1NjgyOTM1LCJqdGkiOiIyZmQwOWE2YTVjOTA0NGY1OWM3YWJjMmM4ZjY0MmEwYiIsInVzZXJfaWQiOjEzfQ.zDB749e9ZvRYxkzf0uouVAKP3EfbY8igk39sfQHbPys	2024-01-19 17:48:55.263612+01	2024-01-20 17:48:55+01	13	2fd09a6a5c9044f59c7abc2c8f642a0b
\.


--
-- Data for Name: users; Type: TABLE DATA; Schema: public; Owner: postgres
--

COPY public.users (id, email, password) FROM stdin;
1	kot@pies.pl	kotek
2	malpa@zyrafa.de	kokoko
\.


--
-- Name: app_archiveloan_id_seq; Type: SEQUENCE SET; Schema: public; Owner: postgres
--

SELECT pg_catalog.setval('public.app_archiveloan_id_seq', 1, false);


--
-- Name: app_author_id_seq; Type: SEQUENCE SET; Schema: public; Owner: postgres
--

SELECT pg_catalog.setval('public.app_author_id_seq', 1, false);


--
-- Name: app_book_authors_id_seq; Type: SEQUENCE SET; Schema: public; Owner: postgres
--

SELECT pg_catalog.setval('public.app_book_authors_id_seq', 1, false);


--
-- Name: app_book_id_seq; Type: SEQUENCE SET; Schema: public; Owner: postgres
--

SELECT pg_catalog.setval('public.app_book_id_seq', 15, true);


--
-- Name: app_bookcopy_id_seq; Type: SEQUENCE SET; Schema: public; Owner: postgres
--

SELECT pg_catalog.setval('public.app_bookcopy_id_seq', 1, false);


--
-- Name: app_borrowedbook_id_seq; Type: SEQUENCE SET; Schema: public; Owner: postgres
--

SELECT pg_catalog.setval('public.app_borrowedbook_id_seq', 1, false);


--
-- Name: app_isbn_id_seq; Type: SEQUENCE SET; Schema: public; Owner: postgres
--

SELECT pg_catalog.setval('public.app_isbn_id_seq', 1, true);


--
-- Name: app_reservedbook_id_seq; Type: SEQUENCE SET; Schema: public; Owner: postgres
--

SELECT pg_catalog.setval('public.app_reservedbook_id_seq', 1, false);


--
-- Name: auth_group_id_seq; Type: SEQUENCE SET; Schema: public; Owner: postgres
--

SELECT pg_catalog.setval('public.auth_group_id_seq', 1, false);


--
-- Name: auth_group_permissions_id_seq; Type: SEQUENCE SET; Schema: public; Owner: postgres
--

SELECT pg_catalog.setval('public.auth_group_permissions_id_seq', 1, false);


--
-- Name: auth_permission_id_seq; Type: SEQUENCE SET; Schema: public; Owner: postgres
--

SELECT pg_catalog.setval('public.auth_permission_id_seq', 64, true);


--
-- Name: auth_user_groups_id_seq; Type: SEQUENCE SET; Schema: public; Owner: postgres
--

SELECT pg_catalog.setval('public.auth_user_groups_id_seq', 1, false);


--
-- Name: auth_user_id_seq; Type: SEQUENCE SET; Schema: public; Owner: postgres
--

SELECT pg_catalog.setval('public.auth_user_id_seq', 13, true);


--
-- Name: auth_user_user_permissions_id_seq; Type: SEQUENCE SET; Schema: public; Owner: postgres
--

SELECT pg_catalog.setval('public.auth_user_user_permissions_id_seq', 1, false);


--
-- Name: books_id_seq; Type: SEQUENCE SET; Schema: public; Owner: postgres
--

SELECT pg_catalog.setval('public.books_id_seq', 5, true);


--
-- Name: django_admin_log_id_seq; Type: SEQUENCE SET; Schema: public; Owner: postgres
--

SELECT pg_catalog.setval('public.django_admin_log_id_seq', 8, true);


--
-- Name: django_content_type_id_seq; Type: SEQUENCE SET; Schema: public; Owner: postgres
--

SELECT pg_catalog.setval('public.django_content_type_id_seq', 16, true);


--
-- Name: django_migrations_id_seq; Type: SEQUENCE SET; Schema: public; Owner: postgres
--

SELECT pg_catalog.setval('public.django_migrations_id_seq', 39, true);


--
-- Name: token_blacklist_blacklistedtoken_id_seq; Type: SEQUENCE SET; Schema: public; Owner: postgres
--

SELECT pg_catalog.setval('public.token_blacklist_blacklistedtoken_id_seq', 9, true);


--
-- Name: token_blacklist_outstandingtoken_id_seq; Type: SEQUENCE SET; Schema: public; Owner: postgres
--

SELECT pg_catalog.setval('public.token_blacklist_outstandingtoken_id_seq', 39, true);


--
-- Name: users_id_seq; Type: SEQUENCE SET; Schema: public; Owner: postgres
--

SELECT pg_catalog.setval('public.users_id_seq', 2, true);


--
-- Name: app_archiveloan app_archiveloan_pkey; Type: CONSTRAINT; Schema: public; Owner: postgres
--

ALTER TABLE ONLY public.app_archiveloan
    ADD CONSTRAINT app_archiveloan_pkey PRIMARY KEY (id);


--
-- Name: app_author app_author_pkey; Type: CONSTRAINT; Schema: public; Owner: postgres
--

ALTER TABLE ONLY public.app_author
    ADD CONSTRAINT app_author_pkey PRIMARY KEY (id);


--
-- Name: app_book_authors app_book_authors_book_id_author_id_4f74f2ac_uniq; Type: CONSTRAINT; Schema: public; Owner: postgres
--

ALTER TABLE ONLY public.app_book_authors
    ADD CONSTRAINT app_book_authors_book_id_author_id_4f74f2ac_uniq UNIQUE (book_id, author_id);


--
-- Name: app_book_authors app_book_authors_pkey; Type: CONSTRAINT; Schema: public; Owner: postgres
--

ALTER TABLE ONLY public.app_book_authors
    ADD CONSTRAINT app_book_authors_pkey PRIMARY KEY (id);


--
-- Name: app_book app_book_isbn_id_key; Type: CONSTRAINT; Schema: public; Owner: postgres
--

ALTER TABLE ONLY public.app_book
    ADD CONSTRAINT app_book_isbn_id_key UNIQUE (isbn_id);


--
-- Name: app_book app_book_pkey; Type: CONSTRAINT; Schema: public; Owner: postgres
--

ALTER TABLE ONLY public.app_book
    ADD CONSTRAINT app_book_pkey PRIMARY KEY (id);


--
-- Name: app_bookcopy app_bookcopy_pkey; Type: CONSTRAINT; Schema: public; Owner: postgres
--

ALTER TABLE ONLY public.app_bookcopy
    ADD CONSTRAINT app_bookcopy_pkey PRIMARY KEY (id);


--
-- Name: app_borrowedbook app_borrowedbook_pkey; Type: CONSTRAINT; Schema: public; Owner: postgres
--

ALTER TABLE ONLY public.app_borrowedbook
    ADD CONSTRAINT app_borrowedbook_pkey PRIMARY KEY (id);


--
-- Name: app_isbn app_isbn_isbn_number_key; Type: CONSTRAINT; Schema: public; Owner: postgres
--

ALTER TABLE ONLY public.app_isbn
    ADD CONSTRAINT app_isbn_isbn_number_key UNIQUE (isbn_number);


--
-- Name: app_isbn app_isbn_pkey; Type: CONSTRAINT; Schema: public; Owner: postgres
--

ALTER TABLE ONLY public.app_isbn
    ADD CONSTRAINT app_isbn_pkey PRIMARY KEY (id);


--
-- Name: app_reservedbook app_reservedbook_pkey; Type: CONSTRAINT; Schema: public; Owner: postgres
--

ALTER TABLE ONLY public.app_reservedbook
    ADD CONSTRAINT app_reservedbook_pkey PRIMARY KEY (id);


--
-- Name: auth_group auth_group_name_key; Type: CONSTRAINT; Schema: public; Owner: postgres
--

ALTER TABLE ONLY public.auth_group
    ADD CONSTRAINT auth_group_name_key UNIQUE (name);


--
-- Name: auth_group_permissions auth_group_permissions_group_id_permission_id_0cd325b0_uniq; Type: CONSTRAINT; Schema: public; Owner: postgres
--

ALTER TABLE ONLY public.auth_group_permissions
    ADD CONSTRAINT auth_group_permissions_group_id_permission_id_0cd325b0_uniq UNIQUE (group_id, permission_id);


--
-- Name: auth_group_permissions auth_group_permissions_pkey; Type: CONSTRAINT; Schema: public; Owner: postgres
--

ALTER TABLE ONLY public.auth_group_permissions
    ADD CONSTRAINT auth_group_permissions_pkey PRIMARY KEY (id);


--
-- Name: auth_group auth_group_pkey; Type: CONSTRAINT; Schema: public; Owner: postgres
--

ALTER TABLE ONLY public.auth_group
    ADD CONSTRAINT auth_group_pkey PRIMARY KEY (id);


--
-- Name: auth_permission auth_permission_content_type_id_codename_01ab375a_uniq; Type: CONSTRAINT; Schema: public; Owner: postgres
--

ALTER TABLE ONLY public.auth_permission
    ADD CONSTRAINT auth_permission_content_type_id_codename_01ab375a_uniq UNIQUE (content_type_id, codename);


--
-- Name: auth_permission auth_permission_pkey; Type: CONSTRAINT; Schema: public; Owner: postgres
--

ALTER TABLE ONLY public.auth_permission
    ADD CONSTRAINT auth_permission_pkey PRIMARY KEY (id);


--
-- Name: auth_user_groups auth_user_groups_pkey; Type: CONSTRAINT; Schema: public; Owner: postgres
--

ALTER TABLE ONLY public.auth_user_groups
    ADD CONSTRAINT auth_user_groups_pkey PRIMARY KEY (id);


--
-- Name: auth_user_groups auth_user_groups_user_id_group_id_94350c0c_uniq; Type: CONSTRAINT; Schema: public; Owner: postgres
--

ALTER TABLE ONLY public.auth_user_groups
    ADD CONSTRAINT auth_user_groups_user_id_group_id_94350c0c_uniq UNIQUE (user_id, group_id);


--
-- Name: auth_user auth_user_pkey; Type: CONSTRAINT; Schema: public; Owner: postgres
--

ALTER TABLE ONLY public.auth_user
    ADD CONSTRAINT auth_user_pkey PRIMARY KEY (id);


--
-- Name: auth_user_user_permissions auth_user_user_permissions_pkey; Type: CONSTRAINT; Schema: public; Owner: postgres
--

ALTER TABLE ONLY public.auth_user_user_permissions
    ADD CONSTRAINT auth_user_user_permissions_pkey PRIMARY KEY (id);


--
-- Name: auth_user_user_permissions auth_user_user_permissions_user_id_permission_id_14a6b632_uniq; Type: CONSTRAINT; Schema: public; Owner: postgres
--

ALTER TABLE ONLY public.auth_user_user_permissions
    ADD CONSTRAINT auth_user_user_permissions_user_id_permission_id_14a6b632_uniq UNIQUE (user_id, permission_id);


--
-- Name: auth_user auth_user_username_key; Type: CONSTRAINT; Schema: public; Owner: postgres
--

ALTER TABLE ONLY public.auth_user
    ADD CONSTRAINT auth_user_username_key UNIQUE (username);


--
-- Name: django_admin_log django_admin_log_pkey; Type: CONSTRAINT; Schema: public; Owner: postgres
--

ALTER TABLE ONLY public.django_admin_log
    ADD CONSTRAINT django_admin_log_pkey PRIMARY KEY (id);


--
-- Name: django_content_type django_content_type_app_label_model_76bd3d3b_uniq; Type: CONSTRAINT; Schema: public; Owner: postgres
--

ALTER TABLE ONLY public.django_content_type
    ADD CONSTRAINT django_content_type_app_label_model_76bd3d3b_uniq UNIQUE (app_label, model);


--
-- Name: django_content_type django_content_type_pkey; Type: CONSTRAINT; Schema: public; Owner: postgres
--

ALTER TABLE ONLY public.django_content_type
    ADD CONSTRAINT django_content_type_pkey PRIMARY KEY (id);


--
-- Name: django_migrations django_migrations_pkey; Type: CONSTRAINT; Schema: public; Owner: postgres
--

ALTER TABLE ONLY public.django_migrations
    ADD CONSTRAINT django_migrations_pkey PRIMARY KEY (id);


--
-- Name: django_session django_session_pkey; Type: CONSTRAINT; Schema: public; Owner: postgres
--

ALTER TABLE ONLY public.django_session
    ADD CONSTRAINT django_session_pkey PRIMARY KEY (session_key);


--
-- Name: token_blacklist_blacklistedtoken token_blacklist_blacklistedtoken_pkey; Type: CONSTRAINT; Schema: public; Owner: postgres
--

ALTER TABLE ONLY public.token_blacklist_blacklistedtoken
    ADD CONSTRAINT token_blacklist_blacklistedtoken_pkey PRIMARY KEY (id);


--
-- Name: token_blacklist_blacklistedtoken token_blacklist_blacklistedtoken_token_id_key; Type: CONSTRAINT; Schema: public; Owner: postgres
--

ALTER TABLE ONLY public.token_blacklist_blacklistedtoken
    ADD CONSTRAINT token_blacklist_blacklistedtoken_token_id_key UNIQUE (token_id);


--
-- Name: token_blacklist_outstandingtoken token_blacklist_outstandingtoken_jti_hex_d9bdf6f7_uniq; Type: CONSTRAINT; Schema: public; Owner: postgres
--

ALTER TABLE ONLY public.token_blacklist_outstandingtoken
    ADD CONSTRAINT token_blacklist_outstandingtoken_jti_hex_d9bdf6f7_uniq UNIQUE (jti);


--
-- Name: token_blacklist_outstandingtoken token_blacklist_outstandingtoken_pkey; Type: CONSTRAINT; Schema: public; Owner: postgres
--

ALTER TABLE ONLY public.token_blacklist_outstandingtoken
    ADD CONSTRAINT token_blacklist_outstandingtoken_pkey PRIMARY KEY (id);


--
-- Name: users users_pkey; Type: CONSTRAINT; Schema: public; Owner: postgres
--

ALTER TABLE ONLY public.users
    ADD CONSTRAINT users_pkey PRIMARY KEY (id);


--
-- Name: app_archiveloan_copy_id_53c61de6; Type: INDEX; Schema: public; Owner: postgres
--

CREATE INDEX app_archiveloan_copy_id_53c61de6 ON public.app_archiveloan USING btree (copy_id);


--
-- Name: app_archiveloan_user_id_0fc08fb2; Type: INDEX; Schema: public; Owner: postgres
--

CREATE INDEX app_archiveloan_user_id_0fc08fb2 ON public.app_archiveloan USING btree (user_id);


--
-- Name: app_book_authors_author_id_1549190a; Type: INDEX; Schema: public; Owner: postgres
--

CREATE INDEX app_book_authors_author_id_1549190a ON public.app_book_authors USING btree (author_id);


--
-- Name: app_book_authors_book_id_48d53112; Type: INDEX; Schema: public; Owner: postgres
--

CREATE INDEX app_book_authors_book_id_48d53112 ON public.app_book_authors USING btree (book_id);


--
-- Name: app_bookcopy_book_id_97e76696; Type: INDEX; Schema: public; Owner: postgres
--

CREATE INDEX app_bookcopy_book_id_97e76696 ON public.app_bookcopy USING btree (book_id);


--
-- Name: app_borrowedbook_copy_id_03ff2248; Type: INDEX; Schema: public; Owner: postgres
--

CREATE INDEX app_borrowedbook_copy_id_03ff2248 ON public.app_borrowedbook USING btree (copy_id);


--
-- Name: app_borrowedbook_user_id_3b8fc43b; Type: INDEX; Schema: public; Owner: postgres
--

CREATE INDEX app_borrowedbook_user_id_3b8fc43b ON public.app_borrowedbook USING btree (user_id);


--
-- Name: app_isbn_isbn_number_7122e92b_like; Type: INDEX; Schema: public; Owner: postgres
--

CREATE INDEX app_isbn_isbn_number_7122e92b_like ON public.app_isbn USING btree (isbn_number varchar_pattern_ops);


--
-- Name: app_reservedbook_copy_id_69f1c427; Type: INDEX; Schema: public; Owner: postgres
--

CREATE INDEX app_reservedbook_copy_id_69f1c427 ON public.app_reservedbook USING btree (copy_id);


--
-- Name: app_reservedbook_user_id_094f8d05; Type: INDEX; Schema: public; Owner: postgres
--

CREATE INDEX app_reservedbook_user_id_094f8d05 ON public.app_reservedbook USING btree (user_id);


--
-- Name: auth_group_name_a6ea08ec_like; Type: INDEX; Schema: public; Owner: postgres
--

CREATE INDEX auth_group_name_a6ea08ec_like ON public.auth_group USING btree (name varchar_pattern_ops);


--
-- Name: auth_group_permissions_group_id_b120cbf9; Type: INDEX; Schema: public; Owner: postgres
--

CREATE INDEX auth_group_permissions_group_id_b120cbf9 ON public.auth_group_permissions USING btree (group_id);


--
-- Name: auth_group_permissions_permission_id_84c5c92e; Type: INDEX; Schema: public; Owner: postgres
--

CREATE INDEX auth_group_permissions_permission_id_84c5c92e ON public.auth_group_permissions USING btree (permission_id);


--
-- Name: auth_permission_content_type_id_2f476e4b; Type: INDEX; Schema: public; Owner: postgres
--

CREATE INDEX auth_permission_content_type_id_2f476e4b ON public.auth_permission USING btree (content_type_id);


--
-- Name: auth_user_groups_group_id_97559544; Type: INDEX; Schema: public; Owner: postgres
--

CREATE INDEX auth_user_groups_group_id_97559544 ON public.auth_user_groups USING btree (group_id);


--
-- Name: auth_user_groups_user_id_6a12ed8b; Type: INDEX; Schema: public; Owner: postgres
--

CREATE INDEX auth_user_groups_user_id_6a12ed8b ON public.auth_user_groups USING btree (user_id);


--
-- Name: auth_user_user_permissions_permission_id_1fbb5f2c; Type: INDEX; Schema: public; Owner: postgres
--

CREATE INDEX auth_user_user_permissions_permission_id_1fbb5f2c ON public.auth_user_user_permissions USING btree (permission_id);


--
-- Name: auth_user_user_permissions_user_id_a95ead1b; Type: INDEX; Schema: public; Owner: postgres
--

CREATE INDEX auth_user_user_permissions_user_id_a95ead1b ON public.auth_user_user_permissions USING btree (user_id);


--
-- Name: auth_user_username_6821ab7c_like; Type: INDEX; Schema: public; Owner: postgres
--

CREATE INDEX auth_user_username_6821ab7c_like ON public.auth_user USING btree (username varchar_pattern_ops);


--
-- Name: django_admin_log_content_type_id_c4bce8eb; Type: INDEX; Schema: public; Owner: postgres
--

CREATE INDEX django_admin_log_content_type_id_c4bce8eb ON public.django_admin_log USING btree (content_type_id);


--
-- Name: django_admin_log_user_id_c564eba6; Type: INDEX; Schema: public; Owner: postgres
--

CREATE INDEX django_admin_log_user_id_c564eba6 ON public.django_admin_log USING btree (user_id);


--
-- Name: django_session_expire_date_a5c62663; Type: INDEX; Schema: public; Owner: postgres
--

CREATE INDEX django_session_expire_date_a5c62663 ON public.django_session USING btree (expire_date);


--
-- Name: django_session_session_key_c0390e0f_like; Type: INDEX; Schema: public; Owner: postgres
--

CREATE INDEX django_session_session_key_c0390e0f_like ON public.django_session USING btree (session_key varchar_pattern_ops);


--
-- Name: token_blacklist_outstandingtoken_jti_hex_d9bdf6f7_like; Type: INDEX; Schema: public; Owner: postgres
--

CREATE INDEX token_blacklist_outstandingtoken_jti_hex_d9bdf6f7_like ON public.token_blacklist_outstandingtoken USING btree (jti varchar_pattern_ops);


--
-- Name: token_blacklist_outstandingtoken_user_id_83bc629a; Type: INDEX; Schema: public; Owner: postgres
--

CREATE INDEX token_blacklist_outstandingtoken_user_id_83bc629a ON public.token_blacklist_outstandingtoken USING btree (user_id);


--
-- Name: app_archiveloan app_archiveloan_copy_id_53c61de6_fk_app_bookcopy_id; Type: FK CONSTRAINT; Schema: public; Owner: postgres
--

ALTER TABLE ONLY public.app_archiveloan
    ADD CONSTRAINT app_archiveloan_copy_id_53c61de6_fk_app_bookcopy_id FOREIGN KEY (copy_id) REFERENCES public.app_bookcopy(id) DEFERRABLE INITIALLY DEFERRED;


--
-- Name: app_archiveloan app_archiveloan_user_id_0fc08fb2_fk_auth_user_id; Type: FK CONSTRAINT; Schema: public; Owner: postgres
--

ALTER TABLE ONLY public.app_archiveloan
    ADD CONSTRAINT app_archiveloan_user_id_0fc08fb2_fk_auth_user_id FOREIGN KEY (user_id) REFERENCES public.auth_user(id) DEFERRABLE INITIALLY DEFERRED;


--
-- Name: app_book_authors app_book_authors_author_id_1549190a_fk_app_author_id; Type: FK CONSTRAINT; Schema: public; Owner: postgres
--

ALTER TABLE ONLY public.app_book_authors
    ADD CONSTRAINT app_book_authors_author_id_1549190a_fk_app_author_id FOREIGN KEY (author_id) REFERENCES public.app_author(id) DEFERRABLE INITIALLY DEFERRED;


--
-- Name: app_book_authors app_book_authors_book_id_48d53112_fk_app_book_id; Type: FK CONSTRAINT; Schema: public; Owner: postgres
--

ALTER TABLE ONLY public.app_book_authors
    ADD CONSTRAINT app_book_authors_book_id_48d53112_fk_app_book_id FOREIGN KEY (book_id) REFERENCES public.app_book(id) DEFERRABLE INITIALLY DEFERRED;


--
-- Name: app_book app_book_isbn_id_4b5467f9_fk_app_isbn_id; Type: FK CONSTRAINT; Schema: public; Owner: postgres
--

ALTER TABLE ONLY public.app_book
    ADD CONSTRAINT app_book_isbn_id_4b5467f9_fk_app_isbn_id FOREIGN KEY (isbn_id) REFERENCES public.app_isbn(id) DEFERRABLE INITIALLY DEFERRED;


--
-- Name: app_bookcopy app_bookcopy_book_id_97e76696_fk_app_book_id; Type: FK CONSTRAINT; Schema: public; Owner: postgres
--

ALTER TABLE ONLY public.app_bookcopy
    ADD CONSTRAINT app_bookcopy_book_id_97e76696_fk_app_book_id FOREIGN KEY (book_id) REFERENCES public.app_book(id) DEFERRABLE INITIALLY DEFERRED;


--
-- Name: app_borrowedbook app_borrowedbook_copy_id_03ff2248_fk_app_bookcopy_id; Type: FK CONSTRAINT; Schema: public; Owner: postgres
--

ALTER TABLE ONLY public.app_borrowedbook
    ADD CONSTRAINT app_borrowedbook_copy_id_03ff2248_fk_app_bookcopy_id FOREIGN KEY (copy_id) REFERENCES public.app_bookcopy(id) DEFERRABLE INITIALLY DEFERRED;


--
-- Name: app_borrowedbook app_borrowedbook_user_id_3b8fc43b_fk_auth_user_id; Type: FK CONSTRAINT; Schema: public; Owner: postgres
--

ALTER TABLE ONLY public.app_borrowedbook
    ADD CONSTRAINT app_borrowedbook_user_id_3b8fc43b_fk_auth_user_id FOREIGN KEY (user_id) REFERENCES public.auth_user(id) DEFERRABLE INITIALLY DEFERRED;


--
-- Name: app_reservedbook app_reservedbook_copy_id_69f1c427_fk_app_bookcopy_id; Type: FK CONSTRAINT; Schema: public; Owner: postgres
--

ALTER TABLE ONLY public.app_reservedbook
    ADD CONSTRAINT app_reservedbook_copy_id_69f1c427_fk_app_bookcopy_id FOREIGN KEY (copy_id) REFERENCES public.app_bookcopy(id) DEFERRABLE INITIALLY DEFERRED;


--
-- Name: app_reservedbook app_reservedbook_user_id_094f8d05_fk_auth_user_id; Type: FK CONSTRAINT; Schema: public; Owner: postgres
--

ALTER TABLE ONLY public.app_reservedbook
    ADD CONSTRAINT app_reservedbook_user_id_094f8d05_fk_auth_user_id FOREIGN KEY (user_id) REFERENCES public.auth_user(id) DEFERRABLE INITIALLY DEFERRED;


--
-- Name: auth_group_permissions auth_group_permissio_permission_id_84c5c92e_fk_auth_perm; Type: FK CONSTRAINT; Schema: public; Owner: postgres
--

ALTER TABLE ONLY public.auth_group_permissions
    ADD CONSTRAINT auth_group_permissio_permission_id_84c5c92e_fk_auth_perm FOREIGN KEY (permission_id) REFERENCES public.auth_permission(id) DEFERRABLE INITIALLY DEFERRED;


--
-- Name: auth_group_permissions auth_group_permissions_group_id_b120cbf9_fk_auth_group_id; Type: FK CONSTRAINT; Schema: public; Owner: postgres
--

ALTER TABLE ONLY public.auth_group_permissions
    ADD CONSTRAINT auth_group_permissions_group_id_b120cbf9_fk_auth_group_id FOREIGN KEY (group_id) REFERENCES public.auth_group(id) DEFERRABLE INITIALLY DEFERRED;


--
-- Name: auth_permission auth_permission_content_type_id_2f476e4b_fk_django_co; Type: FK CONSTRAINT; Schema: public; Owner: postgres
--

ALTER TABLE ONLY public.auth_permission
    ADD CONSTRAINT auth_permission_content_type_id_2f476e4b_fk_django_co FOREIGN KEY (content_type_id) REFERENCES public.django_content_type(id) DEFERRABLE INITIALLY DEFERRED;


--
-- Name: auth_user_groups auth_user_groups_group_id_97559544_fk_auth_group_id; Type: FK CONSTRAINT; Schema: public; Owner: postgres
--

ALTER TABLE ONLY public.auth_user_groups
    ADD CONSTRAINT auth_user_groups_group_id_97559544_fk_auth_group_id FOREIGN KEY (group_id) REFERENCES public.auth_group(id) DEFERRABLE INITIALLY DEFERRED;


--
-- Name: auth_user_groups auth_user_groups_user_id_6a12ed8b_fk_auth_user_id; Type: FK CONSTRAINT; Schema: public; Owner: postgres
--

ALTER TABLE ONLY public.auth_user_groups
    ADD CONSTRAINT auth_user_groups_user_id_6a12ed8b_fk_auth_user_id FOREIGN KEY (user_id) REFERENCES public.auth_user(id) DEFERRABLE INITIALLY DEFERRED;


--
-- Name: auth_user_user_permissions auth_user_user_permi_permission_id_1fbb5f2c_fk_auth_perm; Type: FK CONSTRAINT; Schema: public; Owner: postgres
--

ALTER TABLE ONLY public.auth_user_user_permissions
    ADD CONSTRAINT auth_user_user_permi_permission_id_1fbb5f2c_fk_auth_perm FOREIGN KEY (permission_id) REFERENCES public.auth_permission(id) DEFERRABLE INITIALLY DEFERRED;


--
-- Name: auth_user_user_permissions auth_user_user_permissions_user_id_a95ead1b_fk_auth_user_id; Type: FK CONSTRAINT; Schema: public; Owner: postgres
--

ALTER TABLE ONLY public.auth_user_user_permissions
    ADD CONSTRAINT auth_user_user_permissions_user_id_a95ead1b_fk_auth_user_id FOREIGN KEY (user_id) REFERENCES public.auth_user(id) DEFERRABLE INITIALLY DEFERRED;


--
-- Name: django_admin_log django_admin_log_content_type_id_c4bce8eb_fk_django_co; Type: FK CONSTRAINT; Schema: public; Owner: postgres
--

ALTER TABLE ONLY public.django_admin_log
    ADD CONSTRAINT django_admin_log_content_type_id_c4bce8eb_fk_django_co FOREIGN KEY (content_type_id) REFERENCES public.django_content_type(id) DEFERRABLE INITIALLY DEFERRED;


--
-- Name: django_admin_log django_admin_log_user_id_c564eba6_fk_auth_user_id; Type: FK CONSTRAINT; Schema: public; Owner: postgres
--

ALTER TABLE ONLY public.django_admin_log
    ADD CONSTRAINT django_admin_log_user_id_c564eba6_fk_auth_user_id FOREIGN KEY (user_id) REFERENCES public.auth_user(id) DEFERRABLE INITIALLY DEFERRED;


--
-- Name: token_blacklist_blacklistedtoken token_blacklist_blacklistedtoken_token_id_3cc7fe56_fk; Type: FK CONSTRAINT; Schema: public; Owner: postgres
--

ALTER TABLE ONLY public.token_blacklist_blacklistedtoken
    ADD CONSTRAINT token_blacklist_blacklistedtoken_token_id_3cc7fe56_fk FOREIGN KEY (token_id) REFERENCES public.token_blacklist_outstandingtoken(id) DEFERRABLE INITIALLY DEFERRED;


--
-- Name: token_blacklist_outstandingtoken token_blacklist_outs_user_id_83bc629a_fk_auth_user; Type: FK CONSTRAINT; Schema: public; Owner: postgres
--

ALTER TABLE ONLY public.token_blacklist_outstandingtoken
    ADD CONSTRAINT token_blacklist_outs_user_id_83bc629a_fk_auth_user FOREIGN KEY (user_id) REFERENCES public.auth_user(id) DEFERRABLE INITIALLY DEFERRED;


--
-- PostgreSQL database dump complete
--

